txn_id,timestamp,from_vpa,to_vpa,amount,message,is_new_payee,severity,why,is_fraud
T0001,2024-06-20 04:39:18,rahul@okhdfc,riya@okkotak,23707.11,Recharge,False,1.0,Abnormal frequency,1
T0002,2024-10-31 01:42:04,farhan@oksbi,neha@okkotak,16297.8,Groceries,False,,,0
T0003,2024-12-27 20:57:52,vijay@okyesbank,ramesh@okaxis,36463.74,Shopping,False,2.0,Pattern matched fraud,1
T0004,2024-09-21 13:55:28,sita@okupi,deepak@oksbi,16959.2,Food order,True,,,0
T0005,2024-08-26 13:07:07,karan@oksbi,karan@okupi,4864.53,Payment,False,,,0
T0006,2024-02-27 09:52:06,vijay@okaxis,rahul@okyesbank,39272.88,Groceries,True,,,0
T0007,2024-02-16 16:48:12,riya@oksbi,neha@okhdfc,1461.15,Transfer,True,,,0
T0008,2024-05-08 19:35:43,rohan@oksbi,riya@okyesbank,31704.21,Groceries,False,,,0
T0009,2024-08-16 12:11:16,kiran@okupi,sana@okhdfc,41732.15,Groceries,False,,,0
T0010,2024-08-07 09:44:26,meena@okhdfc,kiran@okhdfc,18616.65,Bill payment,False,,,0
T0011,2024-02-16 15:19:25,jatin@okaxis,karan@okaxis,48142.77,Groceries,True,,,0
T0012,2024-12-03 06:37:48,dev@okaxis,vijay@oksbi,27377.42,Shopping,True,,,0
T0013,2024-05-14 22:02:31,jatin@okicici,yash@okhdfc,28396.19,Recharge,False,,,0
T0014,2024-04-21 20:03:48,sita@okaxis,amit@okyesbank,30859.01,Loan repayment,False,,,0
T0015,2024-02-12 11:25:11,neha@okupi,karan@okhdfc,12931.63,Misc,False,,,0
T0016,2024-03-05 07:42:39,tina@okupi,vijay@oksbi,14090.94,Loan repayment,True,,,0
T0017,2024-06-11 03:38:11,dev@okhdfc,tina@okyesbank,9385.01,Misc,False,5.0,Suspicious amount,1
T0018,2024-04-23 15:09:43,deepak@okaxis,arun@okupi,46994.01,Recharge,False,,,0
T0019,2024-08-11 22:18:34,rohan@okupi,arun@okhdfc,49578.53,Transfer,False,,,0
T0020,2024-06-04 15:52:09,sita@okkotak,jatin@okyesbank,11218.42,Misc,False,,,0
T0021,2024-11-24 14:07:30,rohan@okupi,kiran@okyesbank,46170.87,Loan repayment,True,5.0,Abnormal frequency,1
T0022,2024-11-01 10:39:03,rahul@okupi,sana@oksbi,17662.88,Food order,True,4.0,Pattern matched fraud,1
T0023,2024-02-06 08:08:47,vijay@okhdfc,amit@okkotak,37756.49,Groceries,False,,,0
T0024,2024-09-14 15:02:50,riya@okkotak,meena@okaxis,13959.29,Transfer,False,,,0
T0025,2024-07-31 13:20:10,rohan@okaxis,jatin@okaxis,41964.86,Bill payment,False,,,0
T0026,2024-02-26 18:10:50,rahul@okaxis,vijay@okyesbank,37464.52,Transfer,True,,,0
T0027,2024-05-03 14:35:46,amit@okhdfc,yash@okkotak,49400.09,Food order,False,,,0
T0028,2024-02-27 02:57:55,neha@okaxis,arun@okicici,41681.05,Groceries,True,,,0
T0029,2024-02-11 19:09:34,karan@oksbi,rahul@okupi,22684.23,Loan repayment,True,,,0
T0030,2024-12-17 23:17:09,amit@okaxis,mohan@okicici,13134.8,Shopping,False,4.0,New payee with high value,1
T0031,2024-09-19 07:47:51,mohan@okkotak,sana@okyesbank,44358.55,Groceries,True,,,0
T0032,2024-04-05 02:36:31,deepak@okyesbank,meena@okupi,15912.6,Shopping,False,,,0
T0033,2024-08-31 20:00:40,ramesh@okicici,dev@oksbi,15773.92,Shopping,True,,,0
T0034,2024-02-09 12:29:56,sana@okaxis,meena@okyesbank,26259.52,Misc,False,,,0
T0035,2024-02-20 23:11:40,yash@okaxis,rohan@okyesbank,29918.15,Food order,False,,,0
T0036,2024-07-27 07:24:26,rohan@okicici,farhan@okicici,26660.23,Groceries,True,,,0
T0037,2024-08-02 03:13:14,karan@okaxis,yash@okyesbank,37697.41,Recharge,False,,,0
T0038,2024-10-19 01:25:35,vijay@okhdfc,jatin@okicici,17210.64,Shopping,False,,,0
T0039,2024-10-01 07:02:46,neha@oksbi,deepak@okkotak,40877.44,Shopping,True,,,0
T0040,2024-03-23 15:52:36,amit@okkotak,vijay@okhdfc,11126.94,Misc,True,,,0
T0041,2024-05-27 11:50:03,sana@oksbi,kiran@okupi,10404.02,Cashback,False,,,0
T0042,2024-07-13 12:28:02,karan@okyesbank,farhan@okaxis,44098.44,Transfer,True,3.0,Unusual time,1
T0043,2024-07-22 13:39:52,deepak@okyesbank,vijay@okyesbank,20869.57,Cashback,False,,,0
T0044,2024-09-09 01:39:03,ramesh@okaxis,mohan@okhdfc,10209.55,Recharge,True,,,0
T0045,2024-10-15 07:51:01,meena@okkotak,rohan@okaxis,3688.54,Transfer,False,,,0
T0046,2024-06-24 15:00:11,mohan@okkotak,riya@okupi,8550.45,Shopping,False,4.0,New payee with high value,1
T0047,2024-06-26 12:14:50,karan@okupi,karan@okaxis,1742.36,Groceries,True,,,0
T0048,2024-10-25 04:21:38,rohan@okhdfc,yash@okhdfc,40071.96,Food order,True,2.0,Device anomaly,1
T0049,2024-01-20 16:31:59,yash@okkotak,dev@okyesbank,7222.82,Shopping,False,,,0
T0050,2024-12-12 17:12:46,deepak@okupi,kiran@okaxis,37881.71,Misc,True,5.0,New payee with high value,1
T0051,2024-03-21 20:18:29,meena@okhdfc,rohan@oksbi,24886.51,Food order,True,,,0
T0052,2024-12-09 20:03:04,amit@okupi,rahul@okyesbank,18981.76,Transfer,False,,,0
T0053,2024-03-13 22:14:41,karan@okupi,yash@okkotak,613.84,Bill payment,False,,,0
T0054,2024-08-01 13:12:36,sana@okyesbank,tina@okyesbank,34499.51,Groceries,False,,,0
T0055,2024-07-22 02:42:29,karan@okaxis,tina@okupi,23155.75,Food order,True,,,0
T0056,2024-06-09 17:46:56,mohan@okyesbank,deepak@okhdfc,45589.17,Shopping,True,,,0
T0057,2024-10-02 04:22:58,deepak@okhdfc,farhan@oksbi,12820.08,Shopping,False,,,0
T0058,2024-12-17 17:39:38,ramesh@okaxis,neha@okupi,45676.64,Food order,False,,,0
T0059,2024-08-14 03:35:31,kiran@okyesbank,rohan@okhdfc,19110.14,Groceries,False,,,0
T0060,2024-10-30 13:13:55,rohan@okyesbank,mohan@okkotak,7824.33,Payment,True,,,0
T0061,2024-08-15 23:38:36,riya@okupi,kiran@oksbi,9295.13,Payment,True,,,0
T0062,2024-12-09 18:17:49,amit@okhdfc,dev@okupi,19499.83,Loan repayment,False,,,0
T0063,2024-09-26 02:39:54,meena@okupi,sita@okupi,33032.63,Cashback,False,,,0
T0064,2024-12-13 10:14:16,farhan@okicici,meena@okyesbank,2512.65,Transfer,True,,,0
T0065,2024-05-04 06:36:37,rahul@okicici,mohan@oksbi,46709.06,Groceries,True,,,0
T0066,2024-07-12 00:02:59,dev@okkotak,dev@okkotak,49071.43,Recharge,False,,,0
T0067,2024-12-21 10:46:44,amit@okkotak,karan@okkotak,13050.83,Bill payment,True,,,0
T0068,2024-07-01 21:41:34,deepak@okaxis,vijay@okyesbank,21328.8,Payment,True,,,0
T0069,2024-01-24 11:16:46,vijay@okicici,jatin@okyesbank,26500.63,Loan repayment,False,,,0
T0070,2024-11-05 13:18:44,amit@oksbi,kiran@okupi,5457.5,Bill payment,False,4.0,Abnormal frequency,1
T0071,2024-05-04 16:56:01,meena@okkotak,sana@okaxis,32735.39,Cashback,False,,,0
T0072,2024-02-14 19:14:20,arun@okaxis,deepak@oksbi,24886.39,Loan repayment,True,3.0,Unusual time,1
T0073,2024-01-08 09:24:17,farhan@okaxis,jatin@okupi,38464.28,Payment,False,,,0
T0074,2024-01-08 16:18:11,dev@oksbi,ramesh@okupi,10081.3,Groceries,False,,,0
T0075,2024-07-27 19:10:36,ramesh@oksbi,farhan@oksbi,8926.24,Food order,False,,,0
T0076,2024-06-07 02:55:48,sana@okyesbank,dev@oksbi,38761.78,Cashback,False,,,0
T0077,2024-11-16 00:44:45,farhan@okkotak,riya@okyesbank,30334.12,Payment,False,,,0
T0078,2024-01-24 21:07:59,sana@okhdfc,karan@oksbi,6288.56,Bill payment,True,,,0
T0079,2024-08-28 20:37:51,dev@okaxis,tina@oksbi,32855.77,Loan repayment,True,2.0,Pattern matched fraud,1
T0080,2024-01-31 03:08:37,meena@okupi,sana@okyesbank,15174.39,Groceries,False,,,0
T0081,2024-04-30 10:31:54,amit@okhdfc,riya@okhdfc,25299.87,Shopping,False,,,0
T0082,2024-02-02 21:33:48,meena@okyesbank,meena@okaxis,37641.43,Transfer,False,1.0,Suspicious amount,1
T0083,2024-03-18 03:56:04,neha@oksbi,meena@okupi,49807.91,Bill payment,False,,,0
T0084,2024-01-27 04:57:33,ramesh@okhdfc,deepak@okkotak,41060.36,Transfer,True,2.0,New payee with high value,1
T0085,2024-08-17 18:18:19,dev@okupi,dev@oksbi,44643.83,Cashback,False,2.0,Unusual time,1
T0086,2024-07-08 20:53:57,sana@oksbi,sita@oksbi,6697.08,Food order,True,1.0,New payee with high value,1
T0087,2024-09-14 17:10:56,arun@okkotak,rahul@okhdfc,42922.96,Shopping,False,,,0
T0088,2024-06-28 13:58:30,meena@oksbi,kiran@okaxis,33719.81,Payment,True,,,0
T0089,2024-07-24 13:44:34,farhan@okaxis,deepak@okaxis,35922.79,Loan repayment,True,3.0,Suspicious amount,1
T0090,2024-07-16 12:14:54,rahul@okaxis,neha@okyesbank,12296.07,Cashback,False,4.0,New payee with high value,1
T0091,2024-02-16 19:15:48,kiran@okupi,rahul@oksbi,10700.93,Food order,True,3.0,Pattern matched fraud,1
T0092,2024-08-21 00:33:00,arun@oksbi,riya@okyesbank,15901.21,Recharge,True,5.0,Pattern matched fraud,1
T0093,2024-12-14 01:21:48,deepak@okkotak,yash@okaxis,45471.52,Misc,False,,,0
T0094,2024-08-13 07:47:56,farhan@okicici,jatin@okyesbank,37179.32,Shopping,True,,,0
T0095,2024-05-15 17:38:59,tina@okicici,kiran@okyesbank,45476.41,Groceries,True,,,0
T0096,2024-09-09 03:32:42,neha@okkotak,rohan@okaxis,41670.96,Bill payment,False,,,0
T0097,2024-05-03 07:10:39,farhan@oksbi,deepak@okicici,19653.1,Food order,False,,,0
T0098,2024-06-22 17:32:12,rahul@okkotak,dev@oksbi,4246.66,Misc,False,,,0
T0099,2024-11-06 10:13:33,deepak@oksbi,arun@okupi,38806.81,Transfer,False,4.0,Pattern matched fraud,1
T0100,2024-10-24 19:54:56,neha@okhdfc,meena@okkotak,8025.82,Bill payment,True,,,0
T0101,2024-07-29 12:55:25,sana@okupi,tina@okkotak,37817.84,Food order,False,,,0
T0102,2024-07-07 01:49:35,meena@okicici,arun@okkotak,16285.43,Shopping,True,,,0
T0103,2024-10-15 06:14:58,arun@okupi,jatin@okkotak,35024.04,Loan repayment,True,,,0
T0104,2024-10-06 17:15:39,rahul@okhdfc,ramesh@okhdfc,21339.73,Loan repayment,False,1.0,Pattern matched fraud,1
T0105,2024-12-16 01:41:38,rahul@oksbi,meena@oksbi,28017.14,Food order,False,,,0
T0106,2024-10-04 20:31:08,rahul@okicici,ramesh@okicici,31593.41,Cashback,False,,,0
T0107,2024-08-16 04:16:27,riya@okaxis,sana@okkotak,8936.8,Food order,False,,,0
T0108,2024-03-26 18:51:32,jatin@oksbi,rahul@okhdfc,38406.88,Cashback,False,4.0,New payee with high value,1
T0109,2024-08-16 16:22:24,sita@okaxis,yash@okyesbank,12113.54,Bill payment,False,,,0
T0110,2024-01-27 19:30:20,kiran@okyesbank,vijay@okaxis,38011.31,Shopping,True,3.0,Abnormal frequency,1
T0111,2024-11-04 06:32:52,sita@okupi,kiran@okyesbank,1317.0,Payment,False,,,0
T0112,2024-02-16 05:14:58,ramesh@okaxis,jatin@okicici,36062.6,Loan repayment,False,3.0,Pattern matched fraud,1
T0113,2024-02-28 17:45:38,amit@okaxis,tina@okhdfc,21671.66,Payment,True,,,0
T0114,2024-06-19 20:30:51,tina@okaxis,amit@okupi,17366.84,Groceries,False,5.0,Suspicious amount,1
T0115,2024-07-07 18:18:18,ramesh@okicici,riya@okkotak,45560.75,Food order,False,,,0
T0116,2024-08-22 03:04:15,arun@okicici,tina@okhdfc,6564.8,Food order,True,,,0
T0117,2024-03-02 13:51:09,jatin@okhdfc,sita@okkotak,47108.16,Cashback,False,,,0
T0118,2024-06-16 11:50:39,jatin@okicici,neha@okhdfc,24068.88,Misc,True,1.0,Suspicious amount,1
T0119,2024-02-29 08:48:06,ramesh@okhdfc,rahul@okicici,14295.34,Cashback,False,4.0,Pattern matched fraud,1
T0120,2024-12-02 10:52:59,riya@okaxis,vijay@oksbi,8483.32,Transfer,False,2.0,Device anomaly,1
T0121,2024-11-02 09:45:40,karan@okupi,riya@okkotak,42142.92,Loan repayment,False,,,0
T0122,2024-03-10 00:20:25,meena@okupi,karan@okkotak,33046.43,Cashback,False,,,0
T0123,2024-06-11 20:41:51,karan@okaxis,farhan@okkotak,26791.08,Shopping,False,,,0
T0124,2024-02-22 01:59:36,yash@okkotak,yash@okkotak,30287.13,Loan repayment,False,4.0,New payee with high value,1
T0125,2024-05-19 22:26:17,amit@oksbi,deepak@oksbi,39984.85,Bill payment,True,3.0,New payee with high value,1
T0126,2024-02-23 22:28:33,dev@okaxis,rohan@oksbi,20360.74,Bill payment,False,4.0,New payee with high value,1
T0127,2024-11-15 11:06:03,neha@oksbi,deepak@okaxis,33972.2,Groceries,True,,,0
T0128,2024-12-12 05:44:06,jatin@oksbi,jatin@okkotak,27484.14,Transfer,True,,,0
T0129,2024-03-02 20:38:22,vijay@okaxis,rahul@okupi,15881.91,Loan repayment,True,,,0
T0130,2024-06-15 02:00:44,vijay@oksbi,rohan@okkotak,44842.86,Recharge,False,4.0,Unusual time,1
T0131,2024-12-14 00:32:42,arun@okyesbank,riya@okkotak,42327.12,Food order,False,5.0,Pattern matched fraud,1
T0132,2024-03-02 15:26:23,karan@okupi,rohan@okyesbank,17030.86,Recharge,True,,,0
T0133,2024-06-18 19:36:35,riya@okhdfc,neha@okupi,5212.86,Loan repayment,False,,,0
T0134,2024-04-11 10:07:49,rohan@oksbi,mohan@okhdfc,39770.03,Food order,True,4.0,Device anomaly,1
T0135,2024-02-14 10:44:35,karan@oksbi,rohan@okicici,24049.5,Transfer,True,,,0
T0136,2024-09-01 12:37:29,vijay@okhdfc,tina@okkotak,38781.25,Food order,True,,,0
T0137,2024-10-05 23:36:09,rahul@okupi,sana@okaxis,17031.3,Shopping,False,1.0,Device anomaly,1
T0138,2024-10-11 16:26:04,karan@okupi,ramesh@okyesbank,25983.82,Groceries,True,,,0
T0139,2024-06-30 01:23:45,sita@okhdfc,yash@okaxis,42281.47,Misc,False,,,0
T0140,2024-01-27 11:00:28,neha@okicici,neha@okupi,40206.84,Cashback,False,,,0
T0141,2024-04-20 11:08:37,riya@okupi,yash@okkotak,42617.25,Cashback,False,,,0
T0142,2024-06-04 15:49:07,sana@okyesbank,meena@okkotak,18981.75,Bill payment,True,,,0
T0143,2024-06-11 10:17:30,vijay@oksbi,tina@okaxis,49838.38,Recharge,True,,,0
T0144,2024-04-02 00:50:30,amit@okupi,arun@okkotak,45578.02,Payment,True,4.0,New payee with high value,1
T0145,2024-03-04 08:26:13,jatin@okupi,mohan@okyesbank,7300.55,Payment,False,,,0
T0146,2024-01-16 03:36:35,arun@oksbi,jatin@okhdfc,1058.16,Groceries,False,2.0,Abnormal frequency,1
T0147,2024-05-03 12:21:24,jatin@okkotak,rohan@okupi,49116.3,Cashback,False,,,0
T0148,2024-08-11 15:04:21,dev@okkotak,mohan@okaxis,14576.7,Recharge,False,2.0,Unusual time,1
T0149,2024-01-13 18:10:23,sita@okaxis,yash@okkotak,47919.03,Payment,True,,,0
T0150,2024-11-01 10:30:05,meena@okhdfc,rohan@okaxis,20270.54,Groceries,False,3.0,New payee with high value,1
T0151,2024-10-19 06:19:47,mohan@okaxis,rohan@okyesbank,3833.61,Shopping,True,,,0
T0152,2024-10-28 06:12:09,karan@okupi,arun@okhdfc,15074.47,Payment,True,4.0,Pattern matched fraud,1
T0153,2024-03-14 06:05:18,rahul@oksbi,dev@okaxis,24515.94,Cashback,True,,,0
T0154,2024-06-20 20:31:51,farhan@okupi,neha@okupi,49154.44,Loan repayment,False,,,0
T0155,2024-03-11 22:31:10,rahul@okhdfc,neha@okkotak,5037.59,Shopping,True,,,0
T0156,2024-06-10 17:55:43,deepak@okhdfc,farhan@okaxis,45690.72,Transfer,False,,,0
T0157,2024-11-28 01:15:38,tina@okkotak,rahul@okkotak,33341.81,Food order,True,,,0
T0158,2024-07-23 04:46:23,deepak@okyesbank,tina@oksbi,4639.07,Groceries,True,,,0
T0159,2024-09-21 19:39:27,meena@okaxis,riya@okkotak,19263.72,Misc,True,,,0
T0160,2024-06-26 16:20:13,jatin@oksbi,tina@okupi,11596.78,Recharge,True,1.0,Abnormal frequency,1
T0161,2024-02-28 10:30:35,farhan@okaxis,amit@okaxis,41256.97,Cashback,False,2.0,Unusual time,1
T0162,2024-08-08 20:55:45,yash@oksbi,neha@okkotak,32807.21,Recharge,False,,,0
T0163,2024-12-17 21:22:11,karan@okyesbank,amit@okhdfc,8180.81,Recharge,False,,,0
T0164,2024-06-04 21:56:42,kiran@okyesbank,vijay@okaxis,26349.15,Recharge,True,,,0
T0165,2024-03-06 04:22:04,jatin@okicici,rahul@okupi,37992.73,Shopping,False,,,0
T0166,2024-10-07 10:57:05,kiran@okyesbank,kiran@okyesbank,11927.06,Bill payment,False,,,0
T0167,2024-10-17 02:03:04,amit@okhdfc,yash@okupi,14107.92,Loan repayment,False,,,0
T0168,2024-02-25 23:31:10,sana@okicici,neha@okhdfc,8034.75,Bill payment,True,,,0
T0169,2024-12-05 02:49:20,vijay@okyesbank,rohan@okupi,25391.03,Bill payment,False,3.0,Pattern matched fraud,1
T0170,2024-05-04 07:51:02,rahul@okkotak,jatin@okaxis,13275.57,Recharge,False,,,0
T0171,2024-04-23 19:13:34,riya@okupi,yash@okyesbank,6386.51,Loan repayment,True,,,0
T0172,2024-11-24 06:40:11,neha@okkotak,karan@oksbi,19470.36,Recharge,False,,,0
T0173,2024-12-22 09:26:41,dev@okaxis,neha@okkotak,921.44,Misc,True,,,0
T0174,2024-06-10 15:41:04,arun@okaxis,neha@okhdfc,10320.02,Food order,True,,,0
T0175,2024-07-12 22:51:13,ramesh@okhdfc,arun@okaxis,15249.39,Misc,False,1.0,Abnormal frequency,1
T0176,2024-11-27 21:58:38,jatin@okyesbank,dev@okkotak,25989.78,Loan repayment,False,,,0
T0177,2024-12-15 14:08:20,rohan@okhdfc,ramesh@okaxis,29656.43,Payment,True,,,0
T0178,2024-05-18 09:08:19,vijay@okicici,karan@okkotak,44009.68,Food order,True,3.0,Device anomaly,1
T0179,2024-04-27 10:31:46,kiran@okhdfc,mohan@oksbi,24107.73,Recharge,False,,,0
T0180,2024-10-24 03:05:51,tina@okupi,neha@okupi,42673.87,Bill payment,False,,,0
T0181,2024-01-31 15:14:25,sita@okaxis,riya@okyesbank,42783.54,Loan repayment,False,2.0,Abnormal frequency,1
T0182,2024-09-05 07:12:15,riya@okicici,sana@oksbi,19735.91,Bill payment,True,5.0,New payee with high value,1
T0183,2024-08-11 01:26:40,karan@okaxis,arun@okyesbank,28372.32,Loan repayment,False,1.0,Suspicious amount,1
T0184,2024-04-01 13:43:08,sita@okaxis,amit@oksbi,18001.33,Loan repayment,False,,,0
T0185,2024-03-22 08:45:23,kiran@okicici,mohan@okupi,40071.56,Transfer,True,,,0
T0186,2024-01-24 18:02:29,sana@okhdfc,kiran@okhdfc,15973.89,Groceries,True,,,0
T0187,2024-11-27 01:35:38,rahul@oksbi,dev@okaxis,26311.16,Shopping,False,,,0
T0188,2024-09-23 12:13:06,amit@okyesbank,amit@okaxis,24800.16,Loan repayment,True,,,0
T0189,2024-08-08 07:40:43,ramesh@okupi,kiran@okkotak,31738.72,Shopping,False,4.0,New payee with high value,1
T0190,2024-09-26 02:50:17,sita@oksbi,neha@oksbi,27166.56,Bill payment,True,,,0
T0191,2024-04-17 02:07:53,meena@oksbi,farhan@okhdfc,2338.18,Payment,False,,,0
T0192,2024-10-26 07:38:46,ramesh@okaxis,meena@okkotak,28933.36,Payment,True,4.0,Abnormal frequency,1
T0193,2024-06-01 22:26:16,karan@okupi,rohan@okhdfc,44839.74,Cashback,False,,,0
T0194,2024-02-25 14:09:50,sana@okicici,karan@okicici,34329.69,Food order,True,,,0
T0195,2024-05-29 07:42:11,ramesh@okaxis,farhan@okupi,25050.8,Groceries,True,3.0,New payee with high value,1
T0196,2024-07-15 02:27:21,amit@okaxis,arun@okicici,47428.95,Loan repayment,False,,,0
T0197,2024-03-13 16:18:24,deepak@okkotak,amit@okhdfc,47613.99,Food order,True,1.0,Suspicious amount,1
T0198,2024-07-08 21:38:29,tina@okyesbank,meena@okupi,10571.32,Payment,True,,,0
T0199,2024-06-04 00:46:03,rohan@okicici,arun@okhdfc,31531.79,Cashback,False,,,0
T0200,2024-01-02 20:13:46,arun@okhdfc,yash@okicici,23259.0,Groceries,True,,,0
T0201,2024-12-09 18:35:08,deepak@okupi,meena@okicici,40030.73,Transfer,True,3.0,Abnormal frequency,1
T0202,2024-03-22 03:34:15,riya@okaxis,tina@oksbi,48120.39,Groceries,True,3.0,Abnormal frequency,1
T0203,2024-01-27 15:29:45,rohan@okhdfc,ramesh@okhdfc,17325.38,Recharge,True,,,0
T0204,2024-05-16 09:58:08,rahul@okkotak,dev@okaxis,20894.07,Transfer,False,,,0
T0205,2024-03-21 09:52:14,meena@okaxis,jatin@okicici,31404.35,Recharge,False,,,0
T0206,2024-01-14 19:15:14,ramesh@okhdfc,farhan@okkotak,23009.4,Payment,False,,,0
T0207,2024-06-17 12:03:43,mohan@okicici,vijay@oksbi,44182.8,Cashback,False,,,0
T0208,2024-09-02 16:42:12,deepak@okicici,karan@okyesbank,37703.84,Cashback,True,3.0,Pattern matched fraud,1
T0209,2024-07-29 09:03:47,yash@okyesbank,rohan@okupi,11651.57,Bill payment,False,2.0,Abnormal frequency,1
T0210,2024-06-14 11:54:41,sita@okkotak,karan@okaxis,20715.84,Food order,True,,,0
T0211,2024-05-31 02:53:19,deepak@okicici,deepak@okhdfc,919.93,Loan repayment,True,1.0,Device anomaly,1
T0212,2024-01-18 04:28:42,yash@oksbi,rahul@okaxis,16822.06,Recharge,True,,,0
T0213,2024-12-17 11:48:21,tina@okicici,jatin@okaxis,37754.04,Payment,True,,,0
T0214,2024-04-16 07:12:26,rohan@okaxis,vijay@okicici,23709.8,Cashback,False,1.0,Device anomaly,1
T0215,2024-08-14 04:50:02,riya@okyesbank,arun@okaxis,41269.11,Transfer,True,,,0
T0216,2024-07-16 20:41:14,sana@okhdfc,sita@oksbi,8087.94,Payment,True,,,0
T0217,2024-02-20 22:13:44,jatin@okkotak,sana@okaxis,21855.96,Payment,True,5.0,Device anomaly,1
T0218,2024-06-05 16:38:29,yash@okyesbank,neha@oksbi,47998.91,Bill payment,False,,,0
T0219,2024-11-29 16:44:04,rahul@okaxis,rahul@okhdfc,23827.22,Food order,True,1.0,Abnormal frequency,1
T0220,2024-02-21 07:12:09,rohan@okyesbank,ramesh@okupi,6198.65,Cashback,False,,,0
T0221,2024-10-26 12:25:47,farhan@okkotak,ramesh@okaxis,19472.66,Transfer,False,,,0
T0222,2024-03-14 11:43:11,farhan@okkotak,yash@okkotak,27337.15,Loan repayment,False,5.0,New payee with high value,1
T0223,2024-10-31 14:27:54,meena@okkotak,vijay@okicici,21609.82,Recharge,True,5.0,Device anomaly,1
T0224,2024-10-02 19:10:50,sana@okkotak,deepak@okkotak,28344.2,Payment,False,,,0
T0225,2024-12-09 00:34:59,meena@okicici,arun@okupi,23467.3,Loan repayment,True,,,0
T0226,2024-02-17 14:23:51,dev@okicici,rohan@okicici,4858.56,Food order,True,,,0
T0227,2024-02-28 23:56:35,jatin@okhdfc,amit@okupi,18466.35,Transfer,False,,,0
T0228,2024-02-19 23:56:54,ramesh@okupi,meena@okupi,9089.44,Loan repayment,False,,,0
T0229,2024-08-17 15:18:44,deepak@oksbi,vijay@okupi,38489.69,Recharge,False,,,0
T0230,2024-07-17 00:50:05,deepak@okkotak,sana@okicici,6439.67,Shopping,True,,,0
T0231,2024-12-10 14:47:04,tina@okkotak,amit@okhdfc,9888.09,Food order,True,5.0,Pattern matched fraud,1
T0232,2024-12-05 20:25:25,rohan@okicici,rahul@okicici,43487.99,Recharge,False,,,0
T0233,2024-11-13 11:31:11,amit@okaxis,mohan@okaxis,48225.7,Food order,True,5.0,Pattern matched fraud,1
T0234,2024-07-03 11:34:39,karan@oksbi,farhan@okupi,20511.13,Loan repayment,True,,,0
T0235,2024-10-17 03:49:14,rahul@okicici,kiran@okaxis,41730.63,Payment,False,,,0
T0236,2024-11-22 14:11:46,deepak@okicici,arun@okupi,41147.76,Misc,True,,,0
T0237,2024-07-20 21:00:44,amit@okaxis,sana@okyesbank,24191.78,Recharge,False,,,0
T0238,2024-06-21 14:12:29,farhan@okyesbank,rohan@okaxis,2142.65,Bill payment,True,,,0
T0239,2024-09-13 10:19:58,dev@okaxis,sana@oksbi,6174.96,Food order,False,,,0
T0240,2024-10-13 12:33:23,meena@okaxis,karan@okkotak,43977.32,Recharge,False,5.0,Device anomaly,1
T0241,2024-01-31 16:33:14,rahul@okaxis,deepak@okupi,38021.4,Misc,False,,,0
T0242,2024-01-05 14:20:36,rahul@oksbi,farhan@okupi,47691.95,Payment,True,,,0
T0243,2024-06-28 02:47:20,farhan@okicici,neha@okyesbank,20360.54,Payment,True,5.0,New payee with high value,1
T0244,2024-12-24 03:22:15,farhan@okicici,kiran@okyesbank,18960.97,Cashback,True,,,0
T0245,2024-01-19 17:22:17,jatin@okyesbank,karan@okaxis,1335.5,Misc,True,,,0
T0246,2024-12-30 22:09:37,yash@okaxis,meena@okyesbank,10947.63,Transfer,True,,,0
T0247,2024-11-02 08:37:45,sita@okhdfc,rahul@okyesbank,11841.4,Misc,False,,,0
T0248,2024-03-30 19:31:46,ramesh@okupi,kiran@oksbi,32254.1,Shopping,True,,,0
T0249,2024-05-31 22:18:42,tina@okicici,sita@okhdfc,13032.2,Transfer,True,,,0
T0250,2024-03-31 23:49:55,arun@okhdfc,neha@okicici,33725.49,Payment,False,3.0,New payee with high value,1
T0251,2024-10-01 19:56:05,mohan@oksbi,arun@okyesbank,42884.13,Cashback,False,,,0
T0252,2024-01-12 21:51:22,meena@okupi,deepak@okyesbank,43826.59,Misc,False,,,0
T0253,2024-06-23 23:34:43,karan@okaxis,sita@okyesbank,8885.26,Cashback,True,,,0
T0254,2024-12-29 02:35:15,yash@okhdfc,deepak@oksbi,25107.36,Bill payment,False,,,0
T0255,2024-09-15 13:55:40,sita@okaxis,farhan@okyesbank,9147.96,Transfer,True,5.0,Abnormal frequency,1
T0256,2024-10-19 17:40:50,sana@oksbi,yash@okyesbank,20825.13,Loan repayment,False,1.0,Pattern matched fraud,1
T0257,2024-10-24 19:55:16,dev@oksbi,neha@okupi,5839.26,Cashback,False,,,0
T0258,2024-10-19 16:44:15,deepak@oksbi,arun@okhdfc,1813.95,Groceries,False,,,0
T0259,2024-10-18 01:51:47,neha@okhdfc,rahul@okhdfc,2992.32,Loan repayment,False,,,0
T0260,2024-03-11 12:16:59,kiran@oksbi,ramesh@okicici,38343.77,Groceries,True,,,0
T0261,2024-09-20 03:19:34,rohan@okaxis,deepak@okhdfc,29908.76,Payment,True,,,0
T0262,2024-09-02 10:59:13,meena@okyesbank,rahul@okupi,12470.49,Cashback,True,5.0,New payee with high value,1
T0263,2024-11-06 14:32:13,sita@okhdfc,farhan@okhdfc,17036.5,Bill payment,False,,,0
T0264,2024-08-20 04:06:38,amit@okhdfc,neha@okkotak,30336.52,Loan repayment,True,,,0
T0265,2024-04-26 04:50:05,jatin@okaxis,rahul@okyesbank,29747.88,Transfer,False,,,0
T0266,2024-11-19 12:11:22,neha@okkotak,ramesh@okaxis,11997.62,Recharge,False,,,0
T0267,2024-05-11 14:48:04,neha@okhdfc,jatin@okkotak,12817.94,Payment,True,2.0,Device anomaly,1
T0268,2024-04-02 01:56:57,vijay@okkotak,tina@okupi,35012.01,Misc,False,,,0
T0269,2024-04-27 14:00:29,yash@okyesbank,riya@okupi,29185.97,Transfer,False,,,0
T0270,2024-04-20 03:10:04,karan@okhdfc,sita@okyesbank,9077.25,Groceries,False,,,0
T0271,2024-04-15 12:15:08,jatin@okyesbank,mohan@okkotak,20845.61,Food order,False,,,0
T0272,2024-05-06 22:02:32,ramesh@okhdfc,tina@oksbi,46629.77,Cashback,False,5.0,Abnormal frequency,1
T0273,2024-03-02 14:04:35,farhan@okhdfc,farhan@okupi,28907.1,Payment,False,,,0
T0274,2024-04-09 02:12:28,jatin@okhdfc,vijay@okicici,5795.77,Loan repayment,True,,,0
T0275,2024-12-03 19:51:28,rahul@okhdfc,rahul@okaxis,44226.37,Misc,False,,,0
T0276,2024-03-24 06:58:18,tina@okaxis,rahul@oksbi,30551.6,Transfer,False,5.0,Pattern matched fraud,1
T0277,2024-04-02 07:20:44,sita@okyesbank,neha@okyesbank,2520.6,Food order,True,4.0,Abnormal frequency,1
T0278,2024-03-04 05:27:11,riya@okicici,deepak@okicici,32444.13,Food order,False,,,0
T0279,2024-02-27 02:16:29,meena@okhdfc,rahul@oksbi,40529.03,Food order,False,,,0
T0280,2024-10-30 03:46:13,sana@okaxis,sana@okupi,34536.62,Loan repayment,True,,,0
T0281,2024-09-05 18:19:50,farhan@oksbi,neha@okupi,44034.13,Recharge,False,,,0
T0282,2024-06-19 23:13:08,deepak@okupi,yash@oksbi,9974.96,Cashback,False,,,0
T0283,2024-05-05 12:47:53,dev@okicici,vijay@okupi,4959.1,Groceries,True,2.0,Pattern matched fraud,1
T0284,2024-07-02 07:35:27,dev@okkotak,mohan@okyesbank,43630.83,Loan repayment,True,2.0,Abnormal frequency,1
T0285,2024-12-28 05:25:41,mohan@okupi,vijay@oksbi,40972.85,Shopping,False,,,0
T0286,2024-10-09 22:21:30,jatin@okhdfc,sana@okaxis,37171.37,Loan repayment,True,,,0
T0287,2024-10-02 06:32:57,deepak@okaxis,rahul@okyesbank,38734.62,Bill payment,False,,,0
T0288,2024-07-12 06:36:12,karan@okhdfc,sana@okkotak,7310.64,Shopping,False,,,0
T0289,2024-11-08 10:31:29,mohan@okkotak,sita@okicici,11747.57,Loan repayment,False,5.0,Device anomaly,1
T0290,2024-10-28 11:26:43,kiran@okaxis,dev@okhdfc,25579.69,Groceries,True,2.0,Pattern matched fraud,1
T0291,2024-04-29 12:25:28,neha@okyesbank,sita@okaxis,27830.8,Bill payment,False,,,0
T0292,2024-04-05 00:10:06,dev@okupi,vijay@okupi,41627.9,Cashback,True,,,0
T0293,2024-08-26 02:07:47,farhan@okyesbank,ramesh@okkotak,158.15,Groceries,False,,,0
T0294,2024-07-25 12:41:52,mohan@okicici,rahul@okupi,39436.48,Misc,False,,,0
T0295,2024-04-01 11:05:51,jatin@oksbi,sana@okkotak,44848.68,Loan repayment,False,2.0,Abnormal frequency,1
T0296,2024-04-23 23:03:17,dev@okaxis,neha@okicici,23645.43,Cashback,False,,,0
T0297,2024-01-23 04:39:21,kiran@okkotak,tina@okupi,9797.41,Bill payment,True,3.0,New payee with high value,1
T0298,2024-10-16 07:17:17,jatin@okkotak,yash@okkotak,24622.17,Groceries,True,,,0
T0299,2024-06-26 03:26:37,farhan@okkotak,amit@okupi,26527.85,Misc,True,,,0
T0300,2024-11-11 14:08:17,riya@okyesbank,riya@okyesbank,42497.16,Transfer,False,,,0
T0301,2024-12-10 22:05:37,yash@okaxis,rahul@okkotak,49742.35,Cashback,True,1.0,New payee with high value,1
T0302,2024-06-13 18:57:50,sita@okhdfc,farhan@okyesbank,30294.41,Payment,False,,,0
T0303,2024-11-20 10:02:24,ramesh@oksbi,kiran@okupi,22153.92,Bill payment,True,,,0
T0304,2024-01-18 19:04:18,arun@okicici,jatin@okyesbank,13408.91,Groceries,True,,,0
T0305,2024-06-14 20:30:58,farhan@oksbi,rohan@okyesbank,9255.13,Payment,False,,,0
T0306,2024-04-11 19:01:51,meena@oksbi,sita@okyesbank,11174.69,Payment,True,5.0,Suspicious amount,1
T0307,2024-04-07 03:35:47,jatin@okupi,rahul@oksbi,10135.35,Groceries,False,,,0
T0308,2024-04-29 09:19:32,rohan@oksbi,rohan@okicici,10074.25,Transfer,False,3.0,Suspicious amount,1
T0309,2024-07-30 18:19:45,kiran@okyesbank,farhan@okhdfc,31715.42,Recharge,False,,,0
T0310,2024-12-28 01:20:22,rahul@okaxis,meena@okyesbank,14598.14,Groceries,True,5.0,Pattern matched fraud,1
T0311,2024-06-29 12:08:39,deepak@okupi,rohan@okaxis,22597.68,Misc,True,,,0
T0312,2024-12-01 08:51:52,jatin@okyesbank,kiran@okyesbank,41494.41,Cashback,True,2.0,Unusual time,1
T0313,2024-11-03 12:51:23,sita@oksbi,kiran@okupi,7986.83,Cashback,True,1.0,Suspicious amount,1
T0314,2024-03-01 16:30:01,tina@oksbi,meena@oksbi,35585.98,Recharge,True,,,0
T0315,2024-01-26 01:37:16,dev@okkotak,karan@okkotak,18969.34,Bill payment,False,,,0
T0316,2024-03-26 02:17:15,sita@okaxis,kiran@oksbi,4350.34,Cashback,True,,,0
T0317,2024-07-25 13:15:54,amit@okyesbank,kiran@okaxis,23101.48,Transfer,False,3.0,New payee with high value,1
T0318,2024-04-22 09:24:37,meena@okkotak,meena@okupi,40008.75,Misc,True,,,0
T0319,2024-11-24 12:59:16,yash@okyesbank,rohan@okaxis,46769.78,Shopping,True,,,0
T0320,2024-10-04 18:04:10,meena@okkotak,dev@okicici,37340.21,Loan repayment,True,,,0
T0321,2024-03-03 08:55:29,amit@okkotak,kiran@okicici,10173.41,Cashback,True,,,0
T0322,2024-03-27 00:07:39,sita@oksbi,sita@okkotak,40519.36,Recharge,True,,,0
T0323,2024-06-10 19:32:52,mohan@okhdfc,neha@okupi,41862.01,Cashback,True,2.0,New payee with high value,1
T0324,2024-08-18 09:28:16,ramesh@okaxis,dev@okaxis,15472.84,Loan repayment,False,,,0
T0325,2024-06-24 07:34:26,deepak@okicici,rahul@okupi,37342.03,Groceries,True,,,0
T0326,2024-04-01 14:46:58,mohan@okupi,karan@okicici,32320.95,Transfer,False,,,0
T0327,2024-05-04 09:15:46,tina@okupi,farhan@okupi,42010.64,Groceries,False,,,0
T0328,2024-09-19 21:25:31,riya@okicici,amit@okkotak,21265.58,Bill payment,False,,,0
T0329,2024-07-19 02:42:27,kiran@okaxis,meena@oksbi,24361.9,Payment,False,,,0
T0330,2024-05-11 11:14:46,tina@okupi,neha@oksbi,32518.01,Shopping,False,,,0
T0331,2024-07-17 14:37:51,meena@oksbi,meena@okaxis,13923.36,Recharge,True,,,0
T0332,2024-07-18 16:11:57,mohan@okhdfc,mohan@okkotak,35015.1,Transfer,False,,,0
T0333,2024-02-04 06:14:18,mohan@okhdfc,arun@okaxis,1395.7,Payment,False,3.0,Device anomaly,1
T0334,2024-07-13 22:46:30,arun@oksbi,yash@okhdfc,16316.29,Misc,False,5.0,Pattern matched fraud,1
T0335,2024-02-12 18:16:17,jatin@okyesbank,karan@okaxis,12187.67,Groceries,True,4.0,Unusual time,1
T0336,2024-03-19 23:15:17,rahul@okyesbank,jatin@okupi,22237.38,Shopping,False,1.0,Suspicious amount,1
T0337,2024-01-26 03:54:27,vijay@okupi,farhan@okupi,41778.99,Payment,False,1.0,Device anomaly,1
T0338,2024-02-13 19:28:46,kiran@oksbi,tina@okupi,23445.87,Misc,False,,,0
T0339,2024-02-13 15:45:31,ramesh@oksbi,farhan@okicici,8513.4,Groceries,True,,,0
T0340,2024-10-21 06:05:55,arun@oksbi,mohan@okupi,821.67,Loan repayment,True,,,0
T0341,2024-07-24 02:29:44,amit@oksbi,amit@okupi,8320.14,Groceries,False,,,0
T0342,2024-01-15 06:30:55,amit@okhdfc,deepak@okkotak,12144.79,Misc,True,,,0
T0343,2024-03-04 18:30:43,jatin@okicici,yash@okhdfc,11654.26,Loan repayment,False,,,0
T0344,2024-09-11 23:19:27,tina@okupi,kiran@okicici,28448.56,Recharge,False,,,0
T0345,2024-08-19 02:40:41,arun@okyesbank,karan@okicici,2845.81,Payment,True,4.0,Abnormal frequency,1
T0346,2024-01-12 10:02:53,meena@okyesbank,ramesh@okyesbank,5099.69,Misc,False,,,0
T0347,2024-11-27 13:51:36,mohan@okyesbank,neha@okicici,47665.54,Groceries,True,,,0
T0348,2024-04-02 10:08:43,sita@okkotak,deepak@okkotak,49915.15,Loan repayment,False,,,0
T0349,2024-11-26 09:46:07,mohan@okhdfc,riya@okaxis,26818.93,Payment,True,,,0
T0350,2024-03-01 05:52:08,tina@okicici,sana@oksbi,43856.33,Cashback,False,,,0
T0351,2024-07-04 12:35:40,kiran@okupi,farhan@okyesbank,20395.48,Groceries,False,,,0
T0352,2024-04-01 16:08:30,rohan@okkotak,rohan@okaxis,38149.81,Misc,False,,,0
T0353,2024-04-19 17:45:16,karan@okaxis,vijay@okicici,1232.72,Loan repayment,True,,,0
T0354,2024-12-25 23:57:17,neha@okaxis,sana@okkotak,35731.89,Cashback,True,,,0
T0355,2024-10-12 16:04:05,arun@okaxis,rohan@okyesbank,31172.72,Groceries,False,5.0,Device anomaly,1
T0356,2024-01-08 13:08:36,karan@oksbi,mohan@oksbi,695.55,Cashback,False,,,0
T0357,2024-10-24 20:12:55,kiran@okaxis,ramesh@okicici,927.37,Shopping,False,,,0
T0358,2024-05-31 02:19:52,rohan@okicici,ramesh@okkotak,8602.39,Groceries,False,,,0
T0359,2024-08-02 09:32:17,farhan@okyesbank,vijay@okicici,17662.57,Shopping,False,,,0
T0360,2024-09-06 00:05:24,deepak@okicici,dev@okicici,5767.75,Food order,False,,,0
T0361,2024-03-24 18:57:48,kiran@okkotak,deepak@okaxis,41693.14,Transfer,True,,,0
T0362,2024-08-01 03:38:20,jatin@okupi,kiran@okupi,43100.44,Cashback,True,,,0
T0363,2024-08-30 02:10:12,rohan@okyesbank,dev@oksbi,22128.99,Groceries,False,,,0
T0364,2024-02-14 02:24:23,sana@okyesbank,amit@okkotak,33708.97,Loan repayment,True,,,0
T0365,2024-06-08 13:46:35,jatin@oksbi,sana@okupi,16603.34,Groceries,True,,,0
T0366,2024-03-10 15:49:56,sana@okupi,meena@okupi,46062.54,Shopping,True,,,0
T0367,2024-07-06 07:22:37,meena@okyesbank,arun@okupi,20910.56,Transfer,True,2.0,Suspicious amount,1
T0368,2024-11-07 07:06:19,farhan@okkotak,kiran@oksbi,44809.53,Bill payment,True,,,0
T0369,2024-03-04 00:26:15,rohan@okupi,jatin@okkotak,37721.09,Cashback,True,5.0,Pattern matched fraud,1
T0370,2024-02-24 12:58:33,yash@okicici,rahul@okyesbank,22353.1,Loan repayment,False,,,0
T0371,2024-09-13 13:40:11,dev@okupi,neha@okupi,49951.05,Loan repayment,True,,,0
T0372,2024-11-09 18:56:39,kiran@okaxis,sana@okupi,11023.17,Food order,True,,,0
T0373,2024-02-26 08:15:38,tina@oksbi,karan@okkotak,19606.57,Transfer,False,1.0,Abnormal frequency,1
T0374,2024-10-31 10:45:25,sana@okaxis,amit@okicici,11386.83,Recharge,True,3.0,New payee with high value,1
T0375,2024-02-23 07:43:33,amit@okaxis,rahul@okyesbank,15465.36,Recharge,False,,,0
T0376,2024-03-27 01:52:33,rohan@okyesbank,kiran@okkotak,14935.15,Misc,False,,,0
T0377,2024-06-04 06:39:12,vijay@okkotak,tina@okkotak,47609.43,Payment,False,,,0
T0378,2024-02-25 02:39:20,farhan@oksbi,mohan@okicici,31845.65,Food order,True,2.0,Pattern matched fraud,1
T0379,2024-09-22 21:42:31,dev@okyesbank,yash@oksbi,32514.01,Cashback,False,5.0,Abnormal frequency,1
T0380,2024-06-26 06:14:05,dev@okupi,karan@okkotak,713.91,Payment,True,1.0,Unusual time,1
T0381,2024-02-26 00:15:50,riya@okkotak,sita@okkotak,4540.23,Payment,True,,,0
T0382,2024-07-19 02:09:48,vijay@okkotak,mohan@okupi,11173.0,Food order,True,,,0
T0383,2024-08-25 14:59:58,mohan@okhdfc,rahul@okyesbank,33745.82,Payment,False,,,0
T0384,2024-03-07 00:58:44,tina@okyesbank,neha@oksbi,1045.1,Recharge,False,,,0
T0385,2024-11-12 01:30:29,rahul@oksbi,mohan@oksbi,21812.27,Transfer,True,,,0
T0386,2024-08-16 22:25:40,mohan@okkotak,dev@oksbi,8307.72,Payment,False,5.0,New payee with high value,1
T0387,2024-03-15 16:56:36,riya@okhdfc,vijay@okicici,31075.69,Loan repayment,False,,,0
T0388,2024-06-26 00:21:05,rahul@okicici,neha@okupi,22900.6,Cashback,True,,,0
T0389,2024-09-08 21:27:25,kiran@okupi,tina@okaxis,1789.46,Recharge,False,,,0
T0390,2024-12-28 05:31:15,rohan@oksbi,farhan@okicici,24743.35,Shopping,True,,,0
T0391,2024-09-20 19:33:06,mohan@oksbi,deepak@okupi,22263.1,Food order,False,,,0
T0392,2024-10-15 06:09:20,yash@okicici,arun@okhdfc,34628.78,Misc,False,,,0
T0393,2024-05-23 06:43:07,neha@oksbi,amit@okkotak,7474.31,Cashback,False,,,0
T0394,2024-07-02 08:09:02,arun@okhdfc,rohan@okyesbank,38869.09,Shopping,True,4.0,Device anomaly,1
T0395,2024-03-05 01:01:43,arun@okhdfc,riya@okicici,46028.45,Shopping,True,,,0
T0396,2024-07-22 10:50:27,meena@okupi,kiran@okicici,17418.44,Misc,True,,,0
T0397,2024-10-25 00:24:24,karan@okkotak,karan@okhdfc,16476.72,Recharge,True,,,0
T0398,2024-02-10 17:04:48,deepak@okupi,mohan@okyesbank,44788.16,Food order,True,3.0,New payee with high value,1
T0399,2024-02-04 02:14:07,sita@okupi,dev@oksbi,42578.72,Recharge,False,5.0,Pattern matched fraud,1
T0400,2024-11-03 14:13:20,yash@okyesbank,sana@okyesbank,9493.23,Payment,False,,,0
T0401,2024-04-08 06:56:49,sana@okyesbank,arun@okupi,13650.92,Shopping,True,,,0
T0402,2024-06-12 06:18:32,neha@okhdfc,rahul@okyesbank,30940.29,Bill payment,False,,,0
T0403,2024-02-28 21:16:00,rahul@okaxis,amit@okkotak,24423.44,Payment,False,,,0
T0404,2024-03-18 13:26:11,neha@okhdfc,meena@okaxis,22086.18,Cashback,False,,,0
T0405,2024-01-29 19:47:28,tina@okhdfc,deepak@okaxis,38060.19,Shopping,True,,,0
T0406,2024-07-04 16:11:38,mohan@okaxis,dev@okaxis,914.0,Loan repayment,True,,,0
T0407,2024-05-26 02:37:44,mohan@okicici,sita@oksbi,25269.88,Shopping,False,,,0
T0408,2024-10-04 11:59:39,sita@okkotak,farhan@okupi,43116.51,Misc,False,,,0
T0409,2024-01-06 07:14:28,farhan@okyesbank,farhan@okicici,33747.43,Recharge,False,,,0
T0410,2024-03-07 05:11:06,ramesh@okkotak,vijay@okyesbank,6179.22,Cashback,True,,,0
T0411,2024-08-25 05:21:15,riya@okicici,meena@okaxis,49551.94,Cashback,False,,,0
T0412,2024-09-04 15:05:52,rahul@okhdfc,kiran@oksbi,14093.97,Groceries,True,,,0
T0413,2024-02-08 06:32:03,deepak@okkotak,rohan@okkotak,20394.38,Misc,True,4.0,Device anomaly,1
T0414,2024-09-17 11:47:08,amit@oksbi,farhan@okhdfc,48289.83,Cashback,True,,,0
T0415,2024-09-04 22:45:32,sita@oksbi,sana@okupi,21557.51,Payment,False,4.0,Suspicious amount,1
T0416,2024-08-07 07:32:34,karan@oksbi,amit@okicici,34519.47,Recharge,False,,,0
T0417,2024-12-24 01:28:08,tina@okyesbank,mohan@okyesbank,39274.03,Cashback,False,,,0
T0418,2024-07-26 07:26:09,farhan@okkotak,rahul@okhdfc,18642.24,Loan repayment,True,,,0
T0419,2024-08-20 14:57:57,karan@okkotak,sana@okkotak,7541.47,Transfer,False,,,0
T0420,2024-03-23 21:45:23,kiran@okicici,sana@okupi,30525.8,Food order,True,1.0,Unusual time,1
T0421,2024-05-15 14:48:01,mohan@okicici,amit@okhdfc,36625.14,Payment,True,,,0
T0422,2024-11-20 05:29:18,mohan@okupi,deepak@okaxis,4669.72,Transfer,True,,,0
T0423,2024-09-12 08:23:19,sana@okhdfc,dev@oksbi,18011.11,Misc,True,,,0
T0424,2024-03-16 23:56:51,sana@okyesbank,yash@okyesbank,21938.28,Cashback,True,4.0,Unusual time,1
T0425,2024-04-03 19:16:41,sita@okaxis,sana@okaxis,13429.32,Groceries,True,5.0,Pattern matched fraud,1
T0426,2024-10-10 03:49:14,kiran@oksbi,jatin@okyesbank,42295.75,Cashback,True,,,0
T0427,2024-11-08 08:51:10,vijay@okhdfc,sana@okupi,8355.3,Groceries,True,4.0,Abnormal frequency,1
T0428,2024-01-16 10:26:02,sita@okicici,jatin@okkotak,3861.93,Payment,False,4.0,Device anomaly,1
T0429,2024-11-06 12:49:14,sita@okicici,yash@okupi,5956.01,Misc,False,,,0
T0430,2024-10-03 07:57:42,arun@okyesbank,amit@okhdfc,18535.52,Groceries,False,4.0,Device anomaly,1
T0431,2024-05-04 03:21:32,riya@oksbi,yash@okkotak,1086.39,Food order,False,1.0,Pattern matched fraud,1
T0432,2024-11-25 23:51:32,sita@okicici,rahul@okicici,33634.81,Bill payment,False,,,0
T0433,2024-11-29 08:32:09,mohan@oksbi,neha@oksbi,19457.43,Bill payment,True,3.0,New payee with high value,1
T0434,2024-05-05 21:33:41,karan@okhdfc,yash@okyesbank,46060.18,Cashback,True,,,0
T0435,2024-11-18 18:57:07,farhan@oksbi,mohan@okicici,34043.92,Misc,True,,,0
T0436,2024-10-09 13:57:36,dev@okaxis,arun@okkotak,33486.5,Recharge,True,3.0,Pattern matched fraud,1
T0437,2024-12-29 20:47:03,meena@okicici,riya@okhdfc,35838.36,Recharge,False,,,0
T0438,2024-10-16 02:50:19,dev@oksbi,kiran@okhdfc,33954.13,Recharge,False,4.0,Suspicious amount,1
T0439,2024-03-19 17:04:25,sana@okupi,neha@okaxis,1172.71,Loan repayment,False,,,0
T0440,2024-07-10 08:08:04,amit@okupi,tina@okhdfc,44464.85,Transfer,False,,,0
T0441,2024-06-03 23:12:01,arun@okaxis,arun@okicici,6366.79,Shopping,False,,,0
T0442,2024-01-20 17:13:30,dev@okaxis,mohan@okyesbank,36889.12,Misc,True,,,0
T0443,2024-10-01 02:10:41,meena@okaxis,dev@oksbi,21142.49,Transfer,False,,,0
T0444,2024-01-25 16:26:51,mohan@okyesbank,vijay@oksbi,14736.53,Payment,True,,,0
T0445,2024-01-23 22:40:35,amit@okupi,meena@oksbi,43373.72,Transfer,True,,,0
T0446,2024-03-04 17:18:46,rahul@okupi,sita@okicici,7754.26,Groceries,True,3.0,Abnormal frequency,1
T0447,2024-02-25 07:13:29,meena@okicici,vijay@okicici,43175.56,Transfer,True,,,0
T0448,2024-05-01 04:01:06,dev@okaxis,vijay@okaxis,21577.33,Transfer,False,,,0
T0449,2024-08-01 00:24:45,jatin@okkotak,tina@okhdfc,31357.78,Shopping,True,,,0
T0450,2024-03-15 15:31:08,mohan@okaxis,vijay@okaxis,28915.98,Cashback,True,5.0,Abnormal frequency,1
T0451,2024-06-16 06:33:41,dev@okyesbank,meena@okaxis,48599.64,Recharge,False,5.0,Unusual time,1
T0452,2024-06-15 09:23:20,ramesh@okicici,karan@okicici,801.9,Payment,True,5.0,Unusual time,1
T0453,2024-10-29 15:25:19,tina@okaxis,rohan@okupi,13759.0,Misc,False,4.0,Suspicious amount,1
T0454,2024-07-28 20:05:20,amit@okkotak,deepak@okyesbank,12389.17,Payment,False,,,0
T0455,2024-09-30 10:40:03,amit@oksbi,amit@okkotak,46780.8,Cashback,True,,,0
T0456,2024-02-04 19:03:09,neha@okupi,rahul@okaxis,43650.71,Shopping,True,2.0,Pattern matched fraud,1
T0457,2024-10-12 19:14:11,amit@okkotak,yash@okupi,1280.52,Misc,False,,,0
T0458,2024-12-12 23:03:49,yash@okyesbank,ramesh@okupi,12264.95,Shopping,True,,,0
T0459,2024-03-28 09:03:06,karan@oksbi,sita@okupi,42189.31,Food order,False,1.0,Unusual time,1
T0460,2024-10-05 09:41:25,yash@oksbi,deepak@okkotak,47721.26,Recharge,False,,,0
T0461,2024-04-15 03:55:15,sita@okicici,dev@okicici,6497.12,Cashback,False,,,0
T0462,2024-11-18 01:03:26,tina@okaxis,ramesh@okupi,17970.57,Payment,True,,,0
T0463,2024-09-25 02:13:56,riya@okaxis,tina@okkotak,22896.99,Misc,True,,,0
T0464,2024-03-17 22:56:47,farhan@oksbi,meena@okkotak,45402.82,Transfer,False,,,0
T0465,2024-11-09 07:12:48,vijay@okkotak,mohan@okicici,43737.59,Cashback,False,,,0
T0466,2024-03-21 19:50:59,jatin@okicici,ramesh@okkotak,44120.56,Groceries,False,,,0
T0467,2024-07-08 14:40:25,arun@okaxis,mohan@okyesbank,49591.85,Food order,True,,,0
T0468,2024-04-16 15:58:34,farhan@okaxis,sita@okkotak,7072.26,Food order,False,,,0
T0469,2024-01-14 18:18:32,amit@okkotak,dev@okkotak,1985.43,Cashback,True,5.0,Device anomaly,1
T0470,2024-02-13 00:51:33,arun@okupi,ramesh@okyesbank,21544.65,Food order,False,,,0
T0471,2024-08-19 11:12:13,neha@okhdfc,mohan@okyesbank,23095.47,Loan repayment,False,,,0
T0472,2024-01-27 11:44:17,farhan@okyesbank,farhan@okkotak,21360.48,Payment,False,,,0
T0473,2024-05-29 02:31:51,kiran@okyesbank,deepak@oksbi,25757.92,Loan repayment,False,4.0,Unusual time,1
T0474,2024-06-12 13:49:28,dev@okkotak,kiran@okaxis,26834.11,Cashback,True,4.0,New payee with high value,1
T0475,2024-01-12 08:59:41,mohan@okaxis,yash@okupi,3466.24,Cashback,False,1.0,Suspicious amount,1
T0476,2024-05-10 04:44:54,arun@okaxis,karan@oksbi,6417.94,Recharge,True,,,0
T0477,2024-02-28 17:21:16,deepak@okkotak,deepak@okhdfc,29227.06,Transfer,True,,,0
T0478,2024-05-13 00:40:24,deepak@okyesbank,sita@okhdfc,33485.98,Recharge,False,,,0
T0479,2024-09-23 22:40:15,karan@okaxis,vijay@okkotak,32147.88,Transfer,True,,,0
T0480,2024-09-20 15:55:03,rahul@okaxis,sana@okyesbank,11568.28,Cashback,True,3.0,Suspicious amount,1
T0481,2024-02-26 10:18:32,kiran@okhdfc,rahul@okicici,24558.8,Misc,True,,,0
T0482,2024-06-11 20:26:56,riya@okicici,neha@okyesbank,20006.9,Groceries,True,5.0,Unusual time,1
T0483,2024-05-27 19:44:10,rahul@okkotak,arun@okicici,37281.94,Food order,False,,,0
T0484,2024-12-01 08:11:16,deepak@okupi,ramesh@oksbi,16291.04,Food order,True,3.0,Suspicious amount,1
T0485,2024-08-31 21:34:57,rohan@okkotak,rohan@oksbi,16996.57,Food order,True,,,0
T0486,2024-12-21 02:09:59,rahul@okicici,sana@okhdfc,4473.39,Loan repayment,True,3.0,Unusual time,1
T0487,2024-05-09 10:27:20,karan@okicici,sita@oksbi,6858.81,Payment,True,,,0
T0488,2024-10-06 16:42:06,farhan@okicici,arun@oksbi,14417.87,Misc,True,,,0
T0489,2024-08-26 00:34:19,amit@okicici,arun@okicici,14522.12,Misc,True,,,0
T0490,2024-06-24 12:43:15,yash@okkotak,sita@okyesbank,29587.06,Loan repayment,False,,,0
T0491,2024-12-12 11:47:35,farhan@okupi,sana@okicici,21816.36,Loan repayment,False,,,0
T0492,2024-09-05 22:02:35,amit@okaxis,rohan@okkotak,9235.27,Groceries,False,,,0
T0493,2024-07-13 06:51:25,karan@okkotak,ramesh@oksbi,5645.86,Groceries,True,5.0,Abnormal frequency,1
T0494,2024-10-31 02:16:42,yash@okkotak,karan@okicici,29083.14,Shopping,False,4.0,Suspicious amount,1
T0495,2024-07-03 17:04:07,rohan@okupi,tina@okupi,8430.73,Groceries,True,,,0
T0496,2024-09-07 08:35:55,arun@okhdfc,meena@okhdfc,38000.82,Groceries,True,3.0,Unusual time,1
T0497,2024-04-16 23:56:56,mohan@okkotak,deepak@okicici,13506.17,Shopping,True,,,0
T0498,2024-05-28 17:05:08,kiran@okaxis,meena@okhdfc,38299.49,Bill payment,False,3.0,Abnormal frequency,1
T0499,2024-12-21 18:28:02,arun@okkotak,riya@okkotak,13814.84,Transfer,False,,,0
T0500,2024-09-21 03:24:55,rohan@oksbi,rohan@okupi,32026.13,Groceries,False,,,0
T0501,2024-06-14 20:12:06,amit@okkotak,jatin@okaxis,485.29,Shopping,True,,,0
T0502,2024-06-24 14:13:29,jatin@okhdfc,arun@okicici,16698.31,Food order,False,,,0
T0503,2024-02-27 12:05:06,yash@oksbi,sana@okicici,38315.3,Recharge,True,,,0
T0504,2024-12-26 20:59:07,kiran@oksbi,meena@okaxis,38150.79,Bill payment,True,,,0
T0505,2024-11-15 08:01:26,jatin@okkotak,sita@okhdfc,36884.35,Shopping,False,,,0
T0506,2024-09-05 19:19:47,neha@okyesbank,neha@okhdfc,11131.78,Shopping,True,,,0
T0507,2024-02-23 07:16:25,arun@okyesbank,karan@okyesbank,29727.56,Groceries,False,3.0,Pattern matched fraud,1
T0508,2024-12-12 05:41:44,vijay@okupi,rahul@okhdfc,14639.31,Shopping,True,,,0
T0509,2024-09-21 04:39:51,amit@okkotak,amit@okhdfc,13181.09,Misc,True,,,0
T0510,2024-09-15 02:40:24,yash@okicici,dev@okyesbank,26797.46,Loan repayment,False,,,0
T0511,2024-03-14 02:13:42,arun@okkotak,yash@oksbi,24080.17,Groceries,True,,,0
T0512,2024-06-27 18:02:35,sita@okupi,sita@okupi,140.62,Cashback,True,,,0
T0513,2024-12-08 15:35:41,yash@okyesbank,riya@okicici,10025.04,Cashback,False,,,0
T0514,2024-02-03 04:04:20,rahul@oksbi,mohan@okicici,46382.49,Recharge,True,3.0,Abnormal frequency,1
T0515,2024-10-04 14:54:04,rahul@okyesbank,karan@oksbi,42094.68,Groceries,False,2.0,Pattern matched fraud,1
T0516,2024-10-06 17:07:18,yash@oksbi,dev@okupi,39407.78,Transfer,False,,,0
T0517,2024-02-10 12:15:04,farhan@okicici,sana@okaxis,33522.79,Shopping,False,,,0
T0518,2024-05-12 14:26:01,kiran@okupi,karan@okkotak,14793.49,Loan repayment,True,,,0
T0519,2024-07-09 02:34:40,rahul@oksbi,yash@oksbi,186.43,Food order,True,,,0
T0520,2024-01-13 17:30:41,farhan@okicici,neha@okyesbank,31030.8,Recharge,False,,,0
T0521,2024-07-27 05:49:03,jatin@okaxis,jatin@oksbi,16731.98,Cashback,False,5.0,Unusual time,1
T0522,2024-05-14 18:45:23,meena@oksbi,karan@okhdfc,35832.08,Transfer,True,5.0,Suspicious amount,1
T0523,2024-02-14 00:17:26,vijay@okhdfc,sana@okaxis,9105.28,Misc,False,,,0
T0524,2024-09-04 00:46:40,rahul@okkotak,riya@okaxis,28873.67,Payment,False,,,0
T0525,2024-03-09 08:36:57,riya@okyesbank,sana@okaxis,11130.51,Food order,True,,,0
T0526,2024-03-25 22:38:01,ramesh@okhdfc,jatin@oksbi,45510.4,Transfer,True,,,0
T0527,2024-08-22 03:34:38,tina@okyesbank,jatin@okkotak,29465.51,Food order,False,,,0
T0528,2024-01-22 23:58:22,rahul@okaxis,rohan@okhdfc,48485.59,Shopping,True,,,0
T0529,2024-04-13 06:37:43,karan@okupi,karan@okicici,1318.68,Food order,True,,,0
T0530,2024-04-08 07:30:32,meena@oksbi,tina@okkotak,28799.57,Payment,False,,,0
T0531,2024-09-16 21:25:29,arun@okyesbank,mohan@okupi,18463.44,Payment,True,,,0
T0532,2024-04-28 10:06:31,tina@okyesbank,meena@okhdfc,17963.5,Food order,False,2.0,Suspicious amount,1
T0533,2024-02-02 19:07:34,rahul@okaxis,vijay@oksbi,38520.99,Bill payment,True,,,0
T0534,2024-08-28 03:31:09,meena@okupi,riya@okhdfc,32707.97,Misc,False,3.0,New payee with high value,1
T0535,2024-02-16 22:47:54,karan@okaxis,vijay@okhdfc,25737.65,Shopping,False,,,0
T0536,2024-03-11 22:51:01,neha@okaxis,karan@okaxis,22674.16,Misc,False,,,0
T0537,2024-08-20 01:01:49,neha@okkotak,rohan@okhdfc,32297.43,Bill payment,False,,,0
T0538,2024-09-16 04:18:26,rohan@oksbi,amit@oksbi,26741.32,Transfer,True,,,0
T0539,2024-03-18 20:43:07,deepak@okicici,rahul@okkotak,3524.81,Recharge,True,,,0
T0540,2024-04-15 09:25:34,mohan@okicici,neha@okaxis,45694.5,Cashback,True,,,0
T0541,2024-01-30 10:18:26,mohan@okyesbank,farhan@okaxis,41357.7,Misc,False,,,0
T0542,2024-06-04 13:24:33,riya@oksbi,deepak@okicici,40056.44,Payment,False,,,0
T0543,2024-04-13 18:56:00,yash@okaxis,meena@oksbi,14928.56,Recharge,False,,,0
T0544,2024-05-19 10:35:21,sita@okyesbank,yash@okyesbank,1956.84,Food order,False,,,0
T0545,2024-06-30 23:54:08,kiran@okhdfc,riya@okhdfc,24214.38,Bill payment,True,,,0
T0546,2024-01-23 02:44:11,sita@okyesbank,amit@okaxis,30956.76,Misc,True,,,0
T0547,2024-07-13 15:15:04,rahul@okyesbank,dev@oksbi,33260.4,Bill payment,False,,,0
T0548,2024-07-01 16:49:21,rohan@okhdfc,arun@okicici,1144.54,Cashback,True,5.0,New payee with high value,1
T0549,2024-06-13 07:49:02,rohan@okkotak,dev@oksbi,42373.68,Misc,True,,,0
T0550,2024-04-22 19:53:37,sana@okkotak,rohan@okicici,13255.8,Loan repayment,True,,,0
T0551,2024-12-26 16:52:58,neha@okaxis,ramesh@okaxis,716.52,Transfer,False,,,0
T0552,2024-09-18 15:05:22,rahul@okicici,farhan@okyesbank,24216.99,Recharge,False,1.0,Unusual time,1
T0553,2024-07-12 18:54:52,jatin@okupi,yash@okupi,34161.3,Groceries,True,,,0
T0554,2024-04-04 06:05:04,arun@oksbi,rahul@okyesbank,38900.99,Bill payment,True,,,0
T0555,2024-07-24 06:57:38,neha@okupi,jatin@oksbi,29526.89,Misc,True,,,0
T0556,2024-05-08 18:08:40,karan@okupi,rahul@oksbi,12134.96,Bill payment,True,,,0
T0557,2024-07-14 19:56:24,rohan@okicici,riya@okyesbank,33146.5,Shopping,True,,,0
T0558,2024-03-23 10:21:48,kiran@okhdfc,kiran@oksbi,3480.58,Payment,True,4.0,New payee with high value,1
T0559,2024-12-04 03:56:59,yash@oksbi,mohan@okkotak,12709.26,Cashback,True,,,0
T0560,2024-02-07 21:28:59,jatin@okkotak,meena@okupi,12587.05,Misc,False,,,0
T0561,2024-07-14 05:18:04,neha@okhdfc,dev@okupi,41124.28,Bill payment,False,,,0
T0562,2024-02-20 03:46:31,deepak@okaxis,farhan@okicici,5379.04,Groceries,False,4.0,Unusual time,1
T0563,2024-02-04 19:43:23,kiran@okhdfc,tina@okkotak,37662.18,Transfer,False,,,0
T0564,2024-11-14 01:29:49,riya@okicici,dev@okupi,44435.02,Recharge,True,2.0,Abnormal frequency,1
T0565,2024-09-22 15:13:40,neha@okkotak,riya@oksbi,24234.93,Shopping,False,,,0
T0566,2024-08-02 22:54:10,farhan@okkotak,amit@okhdfc,43152.79,Cashback,True,,,0
T0567,2024-05-19 12:02:37,yash@oksbi,vijay@okupi,47223.85,Bill payment,False,3.0,Pattern matched fraud,1
T0568,2024-05-30 08:23:52,karan@okupi,yash@okupi,42578.17,Misc,False,,,0
T0569,2024-07-14 13:23:12,tina@okaxis,rahul@okyesbank,15371.25,Payment,True,,,0
T0570,2024-07-04 01:04:04,dev@okupi,ramesh@okaxis,28662.84,Food order,False,,,0
T0571,2024-04-24 01:21:28,yash@okicici,tina@okaxis,1838.77,Loan repayment,True,5.0,Device anomaly,1
T0572,2024-02-17 00:16:41,riya@okicici,jatin@okupi,33541.11,Recharge,False,,,0
T0573,2024-06-09 10:39:02,farhan@okupi,rahul@okupi,4250.55,Food order,False,4.0,Pattern matched fraud,1
T0574,2024-11-30 13:56:00,kiran@oksbi,meena@oksbi,34458.83,Shopping,True,,,0
T0575,2024-11-03 14:47:58,mohan@okaxis,deepak@okyesbank,39915.8,Food order,True,,,0
T0576,2024-01-17 02:17:34,tina@okhdfc,vijay@okaxis,20775.51,Bill payment,True,,,0
T0577,2024-07-16 19:23:10,riya@oksbi,deepak@okkotak,6940.79,Bill payment,False,5.0,Suspicious amount,1
T0578,2024-11-06 17:55:04,deepak@okicici,yash@oksbi,7015.76,Recharge,False,1.0,Device anomaly,1
T0579,2024-11-17 08:04:31,riya@okkotak,rohan@oksbi,32270.73,Food order,True,,,0
T0580,2024-08-21 07:00:18,farhan@okicici,sita@okicici,18529.15,Loan repayment,True,,,0
T0581,2024-06-04 19:48:36,mohan@okyesbank,meena@okicici,10865.17,Payment,False,,,0
T0582,2024-06-28 16:38:09,jatin@okyesbank,meena@okicici,1634.41,Cashback,False,2.0,Unusual time,1
T0583,2024-12-13 22:31:31,neha@okaxis,rohan@okyesbank,49711.06,Loan repayment,True,,,0
T0584,2024-11-29 07:46:37,jatin@okaxis,yash@okyesbank,456.54,Cashback,True,,,0
T0585,2024-03-10 18:53:17,arun@okicici,farhan@okyesbank,28522.81,Shopping,False,1.0,Pattern matched fraud,1
T0586,2024-03-04 07:04:17,farhan@okaxis,rohan@okkotak,29600.54,Shopping,False,,,0
T0587,2024-09-08 12:05:42,neha@oksbi,meena@okyesbank,15106.9,Transfer,False,,,0
T0588,2024-11-07 14:01:22,kiran@oksbi,arun@okaxis,34504.74,Bill payment,False,,,0
T0589,2024-03-02 12:30:36,dev@okkotak,amit@okhdfc,31970.86,Payment,True,2.0,Pattern matched fraud,1
T0590,2024-11-10 18:26:37,vijay@okkotak,ramesh@okhdfc,36704.2,Loan repayment,False,3.0,Unusual time,1
T0591,2024-11-02 19:51:13,mohan@okhdfc,yash@okkotak,2253.11,Bill payment,True,,,0
T0592,2024-11-25 00:26:13,amit@okicici,neha@okyesbank,13971.3,Shopping,False,,,0
T0593,2024-08-08 03:53:28,neha@okyesbank,neha@okyesbank,39389.23,Payment,True,,,0
T0594,2024-02-12 01:23:01,mohan@okupi,meena@okkotak,49335.69,Payment,True,,,0
T0595,2024-01-08 23:02:53,rohan@okkotak,neha@okyesbank,37444.78,Payment,True,,,0
T0596,2024-01-22 18:37:32,sana@oksbi,arun@okaxis,4886.99,Cashback,True,,,0
T0597,2024-06-02 11:55:17,neha@okkotak,yash@okhdfc,3953.53,Food order,True,,,0
T0598,2024-08-05 12:02:22,tina@okicici,tina@okyesbank,1155.38,Recharge,True,,,0
T0599,2024-04-27 13:00:29,rohan@okaxis,sita@okyesbank,22348.42,Shopping,True,4.0,Abnormal frequency,1
T0600,2024-09-30 16:46:39,vijay@okhdfc,farhan@oksbi,15886.64,Groceries,True,,,0
T0601,2024-09-14 05:05:15,farhan@okicici,rahul@okyesbank,34606.28,Groceries,True,,,0
T0602,2024-01-22 19:06:40,tina@okaxis,amit@oksbi,4781.21,Transfer,False,,,0
T0603,2024-02-28 07:03:59,deepak@okhdfc,mohan@okicici,46696.56,Cashback,True,,,0
T0604,2024-10-18 08:09:27,karan@okupi,vijay@okyesbank,40664.98,Misc,True,1.0,Abnormal frequency,1
T0605,2024-03-22 11:55:17,farhan@okupi,farhan@okupi,16852.17,Loan repayment,True,,,0
T0606,2024-04-25 03:18:46,jatin@okaxis,amit@okkotak,41841.95,Bill payment,True,,,0
T0607,2024-10-09 13:35:03,rohan@okyesbank,vijay@oksbi,14391.16,Misc,True,,,0
T0608,2024-10-02 06:54:27,karan@okicici,deepak@okyesbank,28031.45,Cashback,True,5.0,Abnormal frequency,1
T0609,2024-03-19 11:58:04,kiran@okyesbank,neha@okkotak,1099.86,Recharge,True,,,0
T0610,2024-04-29 09:05:27,dev@okaxis,ramesh@okaxis,38183.96,Cashback,False,,,0
T0611,2024-12-14 18:02:22,sita@okhdfc,ramesh@oksbi,26625.58,Transfer,False,,,0
T0612,2024-10-22 10:46:47,rohan@okaxis,tina@oksbi,24316.76,Recharge,True,5.0,Suspicious amount,1
T0613,2024-07-17 15:59:25,deepak@okyesbank,riya@oksbi,32326.78,Shopping,True,,,0
T0614,2024-03-18 08:42:12,yash@okicici,arun@okaxis,47414.56,Payment,True,5.0,Pattern matched fraud,1
T0615,2024-04-20 05:04:48,sana@okupi,karan@okicici,17214.9,Misc,False,,,0
T0616,2024-07-05 23:28:37,kiran@okyesbank,sita@okicici,44830.28,Groceries,False,,,0
T0617,2024-08-19 15:25:23,kiran@okaxis,amit@okupi,44284.38,Bill payment,False,,,0
T0618,2024-04-12 06:17:43,rahul@okaxis,arun@okicici,39946.74,Recharge,False,,,0
T0619,2024-12-12 20:40:03,rahul@okaxis,vijay@okicici,15938.33,Recharge,False,,,0
T0620,2024-10-17 17:14:44,riya@okyesbank,dev@okaxis,20168.58,Cashback,False,,,0
T0621,2024-06-26 06:36:20,dev@okhdfc,vijay@oksbi,34435.21,Recharge,True,,,0
T0622,2024-06-20 05:11:33,vijay@okaxis,tina@okyesbank,21106.12,Transfer,True,,,0
T0623,2024-12-18 22:01:18,karan@okhdfc,rohan@oksbi,44539.13,Cashback,True,,,0
T0624,2024-03-30 10:53:49,sita@okicici,meena@oksbi,44692.31,Payment,False,3.0,Unusual time,1
T0625,2024-04-16 03:28:50,riya@okicici,meena@okkotak,49709.69,Transfer,True,,,0
T0626,2024-03-20 00:47:09,farhan@okupi,kiran@okupi,42177.3,Groceries,False,1.0,Abnormal frequency,1
T0627,2024-08-03 09:57:43,riya@okyesbank,kiran@okyesbank,4485.0,Food order,True,,,0
T0628,2024-05-22 07:27:45,rahul@okyesbank,arun@okyesbank,34079.07,Payment,True,,,0
T0629,2024-08-06 13:56:36,dev@okupi,karan@okyesbank,23677.98,Cashback,True,,,0
T0630,2024-12-13 20:23:11,farhan@okaxis,farhan@okhdfc,24120.01,Loan repayment,True,,,0
T0631,2024-08-24 02:29:17,tina@okyesbank,sana@oksbi,42710.61,Recharge,True,,,0
T0632,2024-03-01 03:56:39,sana@oksbi,rohan@okupi,6945.48,Payment,True,,,0
T0633,2024-01-16 01:05:02,dev@okicici,vijay@okyesbank,11647.71,Cashback,False,,,0
T0634,2024-07-21 19:26:30,deepak@okyesbank,deepak@okhdfc,27770.73,Cashback,True,,,0
T0635,2024-08-06 10:41:38,neha@okicici,dev@okicici,12842.51,Bill payment,True,3.0,Pattern matched fraud,1
T0636,2024-04-08 10:54:36,arun@okkotak,dev@okupi,12173.0,Food order,True,,,0
T0637,2024-12-13 11:44:16,rahul@okkotak,farhan@okupi,36498.96,Bill payment,False,,,0
T0638,2024-06-20 11:19:29,arun@okkotak,vijay@oksbi,44276.83,Payment,False,4.0,Device anomaly,1
T0639,2024-09-22 01:07:17,karan@okupi,yash@okicici,13882.38,Misc,True,4.0,New payee with high value,1
T0640,2024-05-30 15:48:40,yash@okyesbank,karan@oksbi,2604.16,Loan repayment,True,1.0,Unusual time,1
T0641,2024-04-17 01:39:43,karan@okupi,tina@okupi,17374.6,Recharge,True,5.0,Unusual time,1
T0642,2024-12-19 15:21:07,farhan@okhdfc,meena@okicici,7225.52,Payment,True,5.0,Suspicious amount,1
T0643,2024-01-05 12:57:42,neha@okhdfc,deepak@okupi,30296.24,Payment,True,3.0,Suspicious amount,1
T0644,2024-07-23 04:07:06,vijay@okhdfc,mohan@okupi,26304.28,Cashback,True,,,0
T0645,2024-07-06 13:04:27,mohan@okhdfc,dev@oksbi,1702.0,Groceries,False,,,0
T0646,2024-03-07 13:14:17,meena@okkotak,yash@okkotak,44245.01,Food order,False,4.0,Unusual time,1
T0647,2024-09-05 21:04:11,karan@okaxis,neha@okkotak,6102.26,Shopping,True,1.0,New payee with high value,1
T0648,2024-05-05 19:14:51,dev@okkotak,karan@okkotak,925.99,Transfer,True,,,0
T0649,2024-11-23 17:08:09,farhan@okaxis,yash@okkotak,38426.35,Recharge,True,1.0,Suspicious amount,1
T0650,2024-03-18 10:01:01,karan@okyesbank,deepak@okyesbank,22723.14,Food order,False,5.0,Pattern matched fraud,1
T0651,2024-06-01 10:12:49,karan@okyesbank,tina@okkotak,24586.86,Cashback,True,4.0,Abnormal frequency,1
T0652,2024-12-20 04:15:13,yash@okyesbank,rohan@okupi,1621.23,Bill payment,False,4.0,Suspicious amount,1
T0653,2024-06-15 06:21:24,yash@okkotak,rohan@okicici,41053.05,Transfer,True,,,0
T0654,2024-10-28 13:08:21,rohan@okyesbank,amit@okaxis,41969.08,Bill payment,False,,,0
T0655,2024-03-05 07:48:55,tina@okaxis,kiran@okkotak,22788.77,Loan repayment,True,,,0
T0656,2024-12-16 12:56:07,karan@okicici,ramesh@oksbi,23375.17,Food order,False,2.0,Unusual time,1
T0657,2024-05-09 19:23:36,jatin@okkotak,yash@okyesbank,35820.11,Recharge,True,,,0
T0658,2024-09-08 15:01:30,meena@oksbi,sana@okaxis,23715.35,Loan repayment,False,,,0
T0659,2024-10-27 20:37:38,ramesh@okupi,yash@oksbi,20562.37,Groceries,False,,,0
T0660,2024-09-07 20:10:15,ramesh@okaxis,neha@okyesbank,43970.79,Shopping,True,5.0,Abnormal frequency,1
T0661,2024-05-18 12:01:34,deepak@okupi,arun@okkotak,33158.82,Transfer,False,,,0
T0662,2024-12-18 14:12:09,meena@okicici,mohan@okicici,20314.38,Recharge,True,3.0,Device anomaly,1
T0663,2024-07-26 21:21:01,vijay@okaxis,ramesh@okicici,33047.08,Transfer,False,1.0,Unusual time,1
T0664,2024-09-15 08:39:29,deepak@oksbi,neha@okhdfc,15546.12,Loan repayment,False,,,0
T0665,2024-02-08 06:42:51,karan@okyesbank,amit@okyesbank,13183.49,Food order,True,,,0
T0666,2024-06-24 06:59:54,tina@okyesbank,meena@okkotak,26531.75,Recharge,False,,,0
T0667,2024-09-14 00:22:58,farhan@okkotak,mohan@okhdfc,14940.19,Transfer,True,,,0
T0668,2024-04-09 03:29:55,sita@okhdfc,rohan@oksbi,35184.56,Misc,True,4.0,Abnormal frequency,1
T0669,2024-08-26 06:35:49,rohan@okaxis,meena@oksbi,9741.53,Food order,True,,,0
T0670,2024-06-12 01:43:57,meena@okhdfc,sita@okicici,22441.35,Cashback,True,,,0
T0671,2024-06-20 09:01:34,deepak@okkotak,jatin@okhdfc,33455.45,Groceries,True,,,0
T0672,2024-03-23 20:53:28,mohan@okupi,yash@okupi,42698.78,Bill payment,False,,,0
T0673,2024-07-10 05:50:20,tina@okicici,neha@okhdfc,18292.43,Food order,True,5.0,New payee with high value,1
T0674,2024-05-23 08:18:25,ramesh@okyesbank,meena@okyesbank,20575.19,Loan repayment,False,,,0
T0675,2024-01-23 10:41:15,vijay@okupi,tina@okhdfc,33813.55,Transfer,True,2.0,Abnormal frequency,1
T0676,2024-07-05 12:16:38,ramesh@okicici,amit@okkotak,6896.05,Misc,True,5.0,Unusual time,1
T0677,2024-04-16 13:06:25,vijay@okaxis,dev@okyesbank,36547.45,Transfer,False,,,0
T0678,2024-01-26 09:30:22,arun@oksbi,rahul@oksbi,42943.29,Shopping,True,,,0
T0679,2024-05-13 22:48:33,jatin@okupi,neha@okhdfc,16639.84,Loan repayment,True,1.0,Pattern matched fraud,1
T0680,2024-01-07 19:29:10,rahul@okupi,mohan@okyesbank,19616.24,Recharge,True,,,0
T0681,2024-02-14 12:18:05,dev@okhdfc,yash@okyesbank,47343.99,Loan repayment,False,,,0
T0682,2024-10-20 22:26:18,kiran@okupi,dev@okicici,35552.84,Shopping,True,,,0
T0683,2024-12-07 05:26:03,riya@okicici,sana@oksbi,19149.64,Loan repayment,True,,,0
T0684,2024-09-07 20:09:27,sana@okkotak,karan@okyesbank,2409.38,Recharge,False,4.0,Pattern matched fraud,1
T0685,2024-09-04 01:27:24,riya@okaxis,amit@okhdfc,20788.49,Transfer,True,4.0,Device anomaly,1
T0686,2024-06-03 01:40:42,sana@okaxis,sita@okaxis,15290.54,Cashback,False,,,0
T0687,2024-05-10 02:40:46,jatin@okyesbank,yash@okyesbank,49802.67,Food order,False,,,0
T0688,2024-12-26 01:57:00,sita@okkotak,neha@okhdfc,12798.97,Shopping,True,4.0,Suspicious amount,1
T0689,2024-08-27 07:40:59,vijay@okyesbank,jatin@okaxis,38167.19,Recharge,False,,,0
T0690,2024-04-20 11:51:03,riya@okaxis,riya@okaxis,32085.17,Payment,False,,,0
T0691,2024-12-05 07:03:35,karan@okkotak,ramesh@okyesbank,13380.68,Groceries,True,5.0,Suspicious amount,1
T0692,2024-05-04 23:05:31,arun@okicici,sita@okkotak,40266.26,Cashback,False,,,0
T0693,2024-12-07 13:38:54,farhan@oksbi,rohan@oksbi,8636.7,Bill payment,True,,,0
T0694,2024-01-13 00:42:07,vijay@okaxis,mohan@okhdfc,22166.03,Shopping,False,,,0
T0695,2024-07-08 05:08:01,amit@okicici,amit@okupi,42033.56,Payment,True,,,0
T0696,2024-05-25 00:28:36,jatin@okyesbank,amit@okupi,31275.82,Bill payment,False,,,0
T0697,2024-12-27 06:24:35,arun@okyesbank,sita@okyesbank,32181.16,Shopping,True,,,0
T0698,2024-12-02 01:52:46,karan@okkotak,mohan@okyesbank,25938.68,Food order,True,,,0
T0699,2024-09-11 00:55:56,yash@okkotak,ramesh@okyesbank,24279.8,Bill payment,True,4.0,Device anomaly,1
T0700,2024-04-24 07:34:18,meena@okaxis,jatin@okhdfc,30738.5,Cashback,True,1.0,Device anomaly,1
T0701,2024-11-11 04:06:47,farhan@okaxis,dev@okupi,9010.54,Misc,True,,,0
T0702,2024-04-28 07:53:23,sita@okkotak,ramesh@okupi,7200.19,Loan repayment,False,,,0
T0703,2024-04-07 01:18:44,rohan@oksbi,riya@oksbi,20186.38,Groceries,True,,,0
T0704,2024-07-17 10:10:23,riya@okupi,vijay@okyesbank,29747.59,Loan repayment,True,,,0
T0705,2024-02-06 11:03:06,mohan@okicici,rohan@okhdfc,47997.27,Payment,False,,,0
T0706,2024-12-23 15:56:11,neha@okhdfc,tina@okhdfc,8678.31,Payment,True,,,0
T0707,2024-03-15 21:44:02,kiran@okhdfc,farhan@okhdfc,21911.03,Misc,True,,,0
T0708,2024-03-10 16:15:46,neha@okhdfc,yash@okyesbank,32164.84,Bill payment,True,,,0
T0709,2024-04-29 11:06:38,amit@oksbi,kiran@okkotak,35603.03,Misc,True,,,0
T0710,2024-07-02 08:54:33,sita@okicici,kiran@okyesbank,8219.87,Transfer,True,1.0,Abnormal frequency,1
T0711,2024-11-30 04:30:39,sana@okhdfc,sana@oksbi,38383.19,Payment,False,,,0
T0712,2024-07-21 03:59:21,rahul@okyesbank,ramesh@okhdfc,9014.13,Shopping,True,,,0
T0713,2024-01-22 15:43:28,meena@okicici,deepak@okyesbank,23351.03,Groceries,False,,,0
T0714,2024-11-25 07:22:42,vijay@okaxis,farhan@okaxis,9675.74,Recharge,True,,,0
T0715,2024-04-27 09:03:07,jatin@oksbi,ramesh@okkotak,19206.13,Cashback,True,,,0
T0716,2024-07-01 20:01:06,farhan@okkotak,arun@okhdfc,41551.03,Groceries,False,,,0
T0717,2024-04-05 11:52:35,amit@okaxis,jatin@okicici,44802.5,Transfer,True,,,0
T0718,2024-05-01 07:44:05,kiran@okupi,sana@okkotak,48240.67,Shopping,True,,,0
T0719,2024-10-05 10:17:54,sana@okupi,riya@okupi,848.29,Misc,False,,,0
T0720,2024-06-30 17:46:14,riya@okyesbank,rohan@okhdfc,23788.2,Loan repayment,True,,,0
T0721,2024-12-17 12:34:49,deepak@okupi,arun@okhdfc,8956.14,Loan repayment,True,3.0,Unusual time,1
T0722,2024-04-07 20:12:15,meena@okyesbank,dev@okaxis,39218.22,Loan repayment,False,2.0,New payee with high value,1
T0723,2024-09-01 13:46:54,sita@okhdfc,karan@okkotak,22563.3,Payment,False,,,0
T0724,2024-08-27 19:45:14,kiran@oksbi,tina@okupi,1172.25,Groceries,True,,,0
T0725,2024-01-16 00:25:15,yash@okhdfc,amit@okaxis,37086.15,Food order,True,1.0,Device anomaly,1
T0726,2024-07-23 18:03:44,farhan@oksbi,rahul@oksbi,38710.68,Misc,True,,,0
T0727,2024-09-29 20:36:46,rahul@okicici,sana@okkotak,45232.45,Recharge,True,,,0
T0728,2024-08-17 21:11:20,deepak@okkotak,farhan@okaxis,3716.99,Bill payment,False,,,0
T0729,2024-09-27 20:47:36,tina@okaxis,mohan@oksbi,11900.66,Cashback,False,,,0
T0730,2024-04-25 00:24:18,arun@okaxis,rahul@okyesbank,7060.49,Cashback,True,,,0
T0731,2024-10-03 00:44:18,sana@okupi,meena@okaxis,37220.6,Recharge,True,,,0
T0732,2024-10-18 16:31:06,sana@okupi,dev@okkotak,1874.24,Cashback,False,,,0
T0733,2024-05-24 10:52:21,arun@oksbi,karan@okkotak,2064.46,Bill payment,False,,,0
T0734,2024-06-08 08:14:24,rohan@okkotak,neha@okkotak,38652.04,Recharge,True,,,0
T0735,2024-09-13 02:20:54,dev@okhdfc,yash@okhdfc,26684.97,Bill payment,False,,,0
T0736,2024-07-17 11:22:42,arun@okyesbank,farhan@okkotak,5878.62,Groceries,False,,,0
T0737,2024-11-04 20:32:40,yash@okicici,neha@okicici,898.36,Food order,True,,,0
T0738,2024-07-14 21:31:48,yash@okkotak,arun@okaxis,19185.51,Cashback,False,1.0,Abnormal frequency,1
T0739,2024-11-07 15:12:22,tina@okyesbank,tina@okaxis,41387.49,Loan repayment,False,3.0,New payee with high value,1
T0740,2024-06-27 01:44:21,farhan@okaxis,sita@okkotak,44180.23,Loan repayment,True,,,0
T0741,2024-02-03 03:32:45,mohan@okkotak,arun@okhdfc,49095.57,Shopping,True,4.0,New payee with high value,1
T0742,2024-03-30 11:24:10,kiran@okhdfc,sita@oksbi,32855.51,Recharge,False,,,0
T0743,2024-10-01 05:19:10,amit@okyesbank,dev@okkotak,31761.12,Shopping,True,3.0,Pattern matched fraud,1
T0744,2024-12-05 01:46:15,sita@okupi,neha@okicici,24252.79,Loan repayment,False,,,0
T0745,2024-12-08 05:32:24,neha@oksbi,mohan@oksbi,7621.44,Bill payment,True,,,0
T0746,2024-08-05 15:52:21,amit@okaxis,rohan@okicici,12974.65,Misc,True,,,0
T0747,2024-05-18 03:53:45,rohan@oksbi,karan@okhdfc,17999.98,Bill payment,False,,,0
T0748,2024-11-09 10:58:56,vijay@oksbi,yash@oksbi,30992.52,Loan repayment,False,,,0
T0749,2024-12-30 13:18:16,tina@okupi,kiran@oksbi,2773.86,Bill payment,False,5.0,Pattern matched fraud,1
T0750,2024-11-17 13:12:03,amit@okkotak,sita@okyesbank,49895.91,Transfer,False,,,0
T0751,2024-02-17 17:49:34,ramesh@okhdfc,neha@okicici,13413.19,Shopping,True,,,0
T0752,2024-02-23 05:39:20,karan@okhdfc,dev@okhdfc,28132.83,Loan repayment,True,,,0
T0753,2024-12-23 14:38:24,riya@oksbi,vijay@okhdfc,6930.67,Transfer,False,4.0,Device anomaly,1
T0754,2024-12-29 03:59:11,jatin@oksbi,rahul@okicici,5796.27,Bill payment,False,,,0
T0755,2024-06-28 14:56:36,tina@okaxis,tina@okhdfc,17497.53,Shopping,False,,,0
T0756,2024-04-13 20:33:50,neha@okhdfc,deepak@okicici,34318.43,Loan repayment,True,,,0
T0757,2024-03-15 14:32:39,arun@okyesbank,deepak@okyesbank,36835.96,Food order,False,,,0
T0758,2024-08-27 12:06:56,amit@okupi,amit@okyesbank,4597.13,Cashback,True,,,0
T0759,2024-05-10 05:03:32,farhan@okaxis,riya@okhdfc,31171.61,Transfer,True,3.0,Pattern matched fraud,1
T0760,2024-05-31 13:50:51,karan@okyesbank,vijay@okyesbank,14281.82,Loan repayment,False,,,0
T0761,2024-01-14 21:52:04,kiran@okhdfc,vijay@okyesbank,34424.44,Recharge,False,1.0,Device anomaly,1
T0762,2024-12-27 14:52:39,jatin@okupi,meena@okkotak,18615.31,Food order,False,,,0
T0763,2024-01-14 17:27:02,karan@okkotak,karan@okaxis,44722.32,Food order,True,2.0,Device anomaly,1
T0764,2024-02-12 14:21:45,rohan@okkotak,amit@okhdfc,9950.7,Groceries,False,,,0
T0765,2024-05-15 00:28:04,yash@okhdfc,mohan@okicici,37000.68,Recharge,True,5.0,Suspicious amount,1
T0766,2024-04-07 07:46:01,kiran@okkotak,yash@okaxis,43301.22,Cashback,True,,,0
T0767,2024-11-30 01:11:21,rohan@okkotak,neha@okaxis,37986.35,Bill payment,True,,,0
T0768,2024-12-23 03:19:55,karan@okhdfc,amit@okaxis,11331.51,Groceries,False,,,0
T0769,2024-04-09 12:43:51,mohan@okicici,vijay@okhdfc,977.43,Cashback,True,,,0
T0770,2024-11-06 21:13:20,neha@okhdfc,farhan@okkotak,18358.18,Recharge,False,,,0
T0771,2024-01-13 10:58:19,meena@okkotak,meena@okkotak,15501.93,Groceries,False,4.0,Unusual time,1
T0772,2024-08-07 00:09:35,rohan@okhdfc,neha@okkotak,22030.26,Shopping,False,,,0
T0773,2024-06-05 01:44:26,sita@okicici,mohan@oksbi,6280.92,Groceries,False,5.0,Pattern matched fraud,1
T0774,2024-02-13 18:05:49,deepak@okkotak,mohan@oksbi,3945.47,Groceries,False,,,0
T0775,2024-07-18 20:22:26,ramesh@okaxis,arun@oksbi,3642.16,Recharge,False,,,0
T0776,2024-09-19 03:19:38,tina@okaxis,karan@okaxis,16262.31,Shopping,False,,,0
T0777,2024-12-14 05:23:08,karan@okyesbank,rahul@okyesbank,5039.95,Groceries,True,,,0
T0778,2024-02-24 22:41:55,yash@okkotak,karan@okupi,30895.34,Groceries,False,,,0
T0779,2024-08-27 21:15:01,karan@okkotak,arun@okkotak,8429.15,Groceries,True,,,0
T0780,2024-03-09 10:16:32,jatin@okicici,amit@okupi,15218.6,Transfer,False,,,0
T0781,2024-08-30 07:53:08,farhan@okyesbank,neha@okicici,19402.16,Transfer,True,,,0
T0782,2024-05-16 05:12:29,kiran@okaxis,jatin@okyesbank,23565.92,Transfer,True,,,0
T0783,2024-05-02 13:18:43,kiran@okupi,sita@okaxis,34333.37,Transfer,True,,,0
T0784,2024-10-30 17:31:51,jatin@oksbi,deepak@oksbi,33255.65,Groceries,False,,,0
T0785,2024-06-26 02:19:37,sita@oksbi,riya@okaxis,25831.63,Shopping,True,,,0
T0786,2024-03-27 13:15:02,arun@okyesbank,rohan@okicici,8013.96,Misc,True,,,0
T0787,2024-11-07 07:05:30,riya@okkotak,rahul@okupi,32350.51,Bill payment,False,,,0
T0788,2024-06-04 14:25:18,kiran@okupi,kiran@oksbi,17885.58,Bill payment,True,,,0
T0789,2024-01-30 05:40:00,neha@okicici,tina@okyesbank,26926.19,Recharge,True,,,0
T0790,2024-09-11 18:27:29,amit@okaxis,sana@oksbi,13611.56,Groceries,False,4.0,Device anomaly,1
T0791,2024-08-28 03:54:31,meena@okaxis,deepak@okkotak,38584.13,Loan repayment,False,,,0
T0792,2024-08-18 12:21:06,ramesh@okyesbank,kiran@oksbi,38229.06,Payment,False,1.0,New payee with high value,1
T0793,2024-09-24 21:15:36,sita@okaxis,karan@okupi,46628.51,Misc,True,,,0
T0794,2024-01-18 08:45:45,kiran@okicici,amit@okupi,44378.69,Shopping,False,1.0,Abnormal frequency,1
T0795,2024-04-15 04:49:59,farhan@okhdfc,jatin@okupi,4675.32,Shopping,False,3.0,New payee with high value,1
T0796,2024-06-07 16:34:08,riya@okkotak,rohan@okupi,37432.36,Loan repayment,False,,,0
T0797,2024-08-21 00:25:38,mohan@okkotak,rohan@okicici,14560.09,Bill payment,False,,,0
T0798,2024-08-15 10:38:46,sana@okhdfc,yash@okhdfc,38240.89,Cashback,False,,,0
T0799,2024-10-20 07:26:25,karan@okaxis,riya@okupi,6947.48,Misc,True,,,0
T0800,2024-08-21 21:30:20,neha@okicici,meena@oksbi,26602.95,Groceries,True,,,0
T0801,2024-07-11 11:28:39,arun@okaxis,dev@okkotak,33282.74,Groceries,True,,,0
T0802,2024-04-07 12:48:35,tina@okupi,ramesh@okupi,8676.43,Misc,False,,,0
T0803,2024-09-17 10:36:43,rohan@okicici,vijay@okaxis,39577.47,Loan repayment,False,,,0
T0804,2024-03-27 19:21:40,rohan@okhdfc,ramesh@okicici,2444.66,Cashback,False,,,0
T0805,2024-05-07 18:17:38,mohan@okyesbank,riya@okyesbank,31583.71,Bill payment,False,,,0
T0806,2024-11-20 02:29:15,deepak@okhdfc,vijay@okicici,47052.32,Transfer,False,,,0
T0807,2024-04-26 07:53:13,yash@okyesbank,sita@okhdfc,26252.75,Shopping,False,,,0
T0808,2024-03-29 21:56:11,neha@okkotak,dev@oksbi,4658.25,Loan repayment,False,,,0
T0809,2024-11-02 04:12:04,jatin@okhdfc,karan@okhdfc,20155.63,Recharge,False,3.0,Suspicious amount,1
T0810,2024-01-22 10:06:09,vijay@okyesbank,deepak@okicici,17125.75,Bill payment,False,,,0
T0811,2024-09-28 06:57:09,tina@okkotak,yash@oksbi,18274.43,Bill payment,True,3.0,Device anomaly,1
T0812,2024-02-24 22:21:18,sana@okkotak,riya@okupi,44441.39,Groceries,True,,,0
T0813,2024-03-01 10:28:55,yash@okkotak,kiran@okupi,10292.85,Food order,False,,,0
T0814,2024-12-23 20:45:57,kiran@okkotak,sana@okaxis,19300.22,Food order,False,,,0
T0815,2024-09-14 01:33:00,jatin@okaxis,rahul@okhdfc,43145.46,Food order,True,,,0
T0816,2024-08-08 11:44:10,kiran@okhdfc,ramesh@okupi,12725.67,Loan repayment,True,5.0,Unusual time,1
T0817,2024-04-07 13:03:06,riya@okhdfc,rahul@okhdfc,39010.92,Payment,False,,,0
T0818,2024-05-08 22:48:00,kiran@okupi,tina@okupi,10653.57,Bill payment,True,,,0
T0819,2024-03-03 10:20:11,ramesh@okyesbank,yash@okupi,34379.49,Shopping,False,,,0
T0820,2024-03-19 14:49:36,deepak@okaxis,rohan@okkotak,33611.62,Groceries,False,4.0,Device anomaly,1
T0821,2024-08-24 16:53:02,dev@okupi,vijay@okyesbank,34848.85,Transfer,False,,,0
T0822,2024-12-11 02:47:13,arun@okhdfc,kiran@okicici,21732.05,Payment,False,2.0,Unusual time,1
T0823,2024-05-22 20:12:04,mohan@okupi,jatin@okkotak,40285.92,Transfer,False,,,0
T0824,2024-12-28 07:37:35,ramesh@okaxis,rahul@okyesbank,14063.32,Loan repayment,True,3.0,New payee with high value,1
T0825,2024-12-11 22:35:39,sita@okupi,rohan@oksbi,31943.5,Shopping,True,4.0,Suspicious amount,1
T0826,2024-09-04 13:28:36,riya@okkotak,sana@okhdfc,13179.48,Transfer,False,,,0
T0827,2024-03-02 05:31:30,riya@okaxis,rohan@okupi,31453.68,Shopping,False,,,0
T0828,2024-05-19 21:42:53,ramesh@okyesbank,kiran@okaxis,45552.68,Groceries,False,,,0
T0829,2024-05-30 15:49:41,farhan@okupi,mohan@okaxis,31691.27,Misc,False,,,0
T0830,2024-05-07 21:38:03,yash@okyesbank,ramesh@okkotak,38326.26,Cashback,True,,,0
T0831,2024-12-15 20:27:54,kiran@okhdfc,farhan@okaxis,29434.87,Shopping,True,,,0
T0832,2024-12-20 06:21:45,rohan@okicici,neha@okyesbank,49011.86,Recharge,True,,,0
T0833,2024-12-02 01:57:26,arun@okhdfc,farhan@okupi,26690.97,Misc,True,,,0
T0834,2024-08-20 18:09:59,dev@okupi,neha@okaxis,21154.44,Food order,False,,,0
T0835,2024-10-18 18:28:20,kiran@okhdfc,riya@okaxis,28067.24,Bill payment,False,4.0,Unusual time,1
T0836,2024-12-11 10:18:40,jatin@okkotak,riya@okicici,31034.1,Cashback,False,3.0,Suspicious amount,1
T0837,2024-01-08 04:52:27,farhan@okhdfc,rahul@okyesbank,11818.19,Cashback,False,,,0
T0838,2024-06-09 16:02:35,rohan@okkotak,arun@oksbi,369.25,Recharge,False,,,0
T0839,2024-07-25 22:56:27,arun@okicici,kiran@okupi,735.2,Transfer,True,,,0
T0840,2024-01-02 17:02:11,sana@okicici,neha@okaxis,4456.2,Shopping,True,,,0
T0841,2024-12-30 11:49:49,vijay@okupi,sana@okicici,49982.63,Loan repayment,True,3.0,Suspicious amount,1
T0842,2024-05-29 19:58:48,riya@okyesbank,arun@okyesbank,45772.24,Transfer,True,5.0,Suspicious amount,1
T0843,2024-11-04 14:27:38,amit@oksbi,sana@okyesbank,31252.87,Groceries,False,5.0,Unusual time,1
T0844,2024-02-27 13:39:20,kiran@okicici,rohan@okyesbank,9404.92,Groceries,True,,,0
T0845,2024-05-01 23:58:27,kiran@okkotak,mohan@okaxis,21805.71,Transfer,False,,,0
T0846,2024-07-31 07:57:07,vijay@okicici,arun@okhdfc,18079.04,Shopping,False,,,0
T0847,2024-01-10 10:22:09,neha@okyesbank,kiran@okyesbank,20710.12,Bill payment,True,5.0,New payee with high value,1
T0848,2024-04-22 01:57:35,rohan@okupi,farhan@okyesbank,21496.64,Loan repayment,True,2.0,Suspicious amount,1
T0849,2024-06-16 11:13:21,tina@oksbi,sita@okhdfc,29549.63,Groceries,False,,,0
T0850,2024-02-26 08:26:39,sana@okupi,mohan@okkotak,39293.77,Food order,True,2.0,Suspicious amount,1
T0851,2024-09-03 03:28:40,sita@oksbi,sita@okicici,24208.57,Loan repayment,False,,,0
T0852,2024-07-19 17:11:39,rahul@okupi,sita@oksbi,39450.64,Transfer,False,4.0,New payee with high value,1
T0853,2024-10-06 02:53:21,neha@okupi,deepak@okhdfc,22462.49,Misc,True,4.0,Abnormal frequency,1
T0854,2024-05-26 07:23:40,deepak@okyesbank,sita@okkotak,39501.14,Cashback,False,,,0
T0855,2024-10-02 23:57:22,riya@okupi,rohan@okhdfc,40100.19,Misc,False,,,0
T0856,2024-09-27 19:27:42,yash@okicici,amit@okupi,40992.74,Recharge,True,,,0
T0857,2024-11-08 18:54:20,neha@oksbi,rohan@oksbi,19064.39,Food order,False,,,0
T0858,2024-05-21 09:53:34,ramesh@oksbi,sana@okupi,49846.69,Recharge,False,,,0
T0859,2024-10-29 22:58:46,arun@okupi,rahul@okicici,41985.56,Food order,False,2.0,Abnormal frequency,1
T0860,2024-10-08 15:31:25,neha@okaxis,tina@okicici,1557.32,Bill payment,False,,,0
T0861,2024-04-05 06:31:02,sana@okhdfc,neha@okaxis,34650.58,Recharge,False,,,0
T0862,2024-08-12 16:16:41,arun@okupi,deepak@okkotak,14247.77,Payment,True,3.0,Device anomaly,1
T0863,2024-03-23 17:54:23,tina@okkotak,rohan@okupi,10421.04,Cashback,True,,,0
T0864,2024-09-06 10:06:12,farhan@okaxis,neha@okyesbank,27191.69,Shopping,False,,,0
T0865,2024-10-28 08:37:49,arun@okupi,mohan@okkotak,33010.51,Bill payment,False,1.0,Unusual time,1
T0866,2024-03-29 05:10:24,ramesh@okupi,kiran@oksbi,48695.99,Misc,False,1.0,Suspicious amount,1
T0867,2024-09-08 01:52:25,dev@okyesbank,deepak@okaxis,45941.59,Groceries,False,,,0
T0868,2024-05-18 00:47:26,deepak@okaxis,rahul@okupi,20152.82,Misc,False,,,0
T0869,2024-09-28 17:25:26,sita@okhdfc,yash@oksbi,15261.35,Groceries,True,,,0
T0870,2024-03-15 20:07:31,amit@okicici,rahul@okhdfc,27012.03,Misc,False,,,0
T0871,2024-03-23 12:30:19,sita@okkotak,rahul@okaxis,34831.25,Transfer,True,,,0
T0872,2024-05-18 15:40:27,sita@okicici,amit@okkotak,38504.72,Payment,False,,,0
T0873,2024-08-16 18:58:21,vijay@oksbi,kiran@okaxis,12966.18,Groceries,True,,,0
T0874,2024-02-22 08:09:36,vijay@okkotak,karan@okicici,12440.36,Groceries,False,,,0
T0875,2024-11-14 05:39:11,dev@okicici,sana@okaxis,47028.68,Cashback,False,1.0,New payee with high value,1
T0876,2024-10-21 20:55:21,jatin@oksbi,vijay@okicici,48138.11,Groceries,True,,,0
T0877,2024-01-12 04:27:55,yash@okkotak,yash@okaxis,32792.39,Bill payment,True,,,0
T0878,2024-06-14 13:08:50,riya@okyesbank,vijay@oksbi,42797.96,Bill payment,True,,,0
T0879,2024-08-04 00:09:51,yash@oksbi,sana@okhdfc,13260.13,Misc,False,,,0
T0880,2024-03-24 00:05:05,meena@okicici,riya@okupi,48564.58,Payment,True,,,0
T0881,2024-12-26 07:23:34,tina@okkotak,riya@okicici,20485.42,Groceries,False,,,0
T0882,2024-11-20 13:05:46,meena@okyesbank,karan@okkotak,39405.18,Food order,True,,,0
T0883,2024-06-16 11:57:04,ramesh@okkotak,amit@okicici,4309.13,Transfer,False,,,0
T0884,2024-05-25 01:25:49,jatin@okicici,dev@okicici,31007.31,Bill payment,False,2.0,Abnormal frequency,1
T0885,2024-02-07 05:48:29,deepak@okkotak,sana@oksbi,16087.25,Shopping,True,,,0
T0886,2024-12-10 07:41:03,jatin@okhdfc,riya@okicici,21140.72,Transfer,True,,,0
T0887,2024-11-09 11:04:36,rohan@okhdfc,rahul@oksbi,30453.17,Food order,True,,,0
T0888,2024-03-27 06:38:50,farhan@okaxis,ramesh@okhdfc,46492.25,Food order,False,,,0
T0889,2024-10-03 16:01:43,rahul@okkotak,rohan@okaxis,2707.41,Groceries,False,,,0
T0890,2024-10-28 00:29:51,dev@oksbi,yash@okhdfc,7998.87,Misc,True,1.0,Unusual time,1
T0891,2024-03-31 07:35:08,rahul@okkotak,kiran@okyesbank,7425.93,Transfer,False,5.0,Suspicious amount,1
T0892,2024-08-05 03:35:05,neha@okyesbank,amit@okhdfc,12544.92,Payment,True,,,0
T0893,2024-05-03 04:07:58,jatin@okicici,dev@okhdfc,35456.1,Shopping,False,,,0
T0894,2024-02-23 21:32:58,ramesh@oksbi,riya@okhdfc,14681.14,Loan repayment,True,,,0
T0895,2024-04-11 06:40:37,deepak@okaxis,jatin@okicici,3820.14,Bill payment,True,,,0
T0896,2024-01-08 15:34:06,jatin@okicici,ramesh@okaxis,21826.12,Shopping,True,,,0
T0897,2024-02-23 08:13:12,arun@okkotak,ramesh@okicici,36235.89,Shopping,False,,,0
T0898,2024-09-28 05:10:19,sana@okaxis,arun@okkotak,2987.86,Loan repayment,True,,,0
T0899,2024-08-19 05:41:36,deepak@okyesbank,mohan@oksbi,17659.36,Cashback,True,,,0
T0900,2024-09-22 15:37:21,neha@okkotak,deepak@oksbi,27402.82,Misc,False,,,0
T0901,2024-10-09 00:46:46,jatin@okkotak,riya@okupi,39570.35,Misc,True,4.0,Suspicious amount,1
T0902,2024-07-21 18:52:14,riya@okaxis,rahul@oksbi,105.72,Groceries,True,,,0
T0903,2024-08-06 07:02:44,neha@okyesbank,yash@okhdfc,19685.58,Groceries,True,,,0
T0904,2024-11-15 09:54:07,tina@okicici,kiran@okicici,44581.5,Food order,True,,,0
T0905,2024-10-24 21:39:34,rohan@oksbi,sana@okicici,34849.03,Misc,False,,,0
T0906,2024-02-01 21:53:34,neha@okhdfc,neha@oksbi,35748.54,Recharge,True,,,0
T0907,2024-10-09 03:07:03,mohan@okkotak,deepak@okicici,12799.31,Cashback,True,,,0
T0908,2024-12-12 14:45:31,farhan@okyesbank,arun@okicici,10083.89,Recharge,True,,,0
T0909,2024-09-10 16:28:15,rohan@okhdfc,mohan@okyesbank,3421.32,Cashback,False,,,0
T0910,2024-08-08 18:09:44,amit@okupi,rohan@okyesbank,21362.16,Shopping,True,,,0
T0911,2024-09-17 10:28:26,mohan@okyesbank,jatin@okupi,22303.48,Transfer,True,,,0
T0912,2024-08-16 23:18:02,sana@oksbi,kiran@okicici,17034.03,Loan repayment,False,3.0,Device anomaly,1
T0913,2024-11-15 23:40:25,arun@oksbi,arun@okicici,37965.26,Transfer,False,,,0
T0914,2024-01-28 20:16:55,farhan@oksbi,vijay@okaxis,21483.02,Transfer,True,,,0
T0915,2024-03-27 09:38:32,arun@okyesbank,deepak@okicici,18840.7,Recharge,False,4.0,Unusual time,1
T0916,2024-10-16 01:30:44,sana@okkotak,jatin@okhdfc,18859.4,Recharge,False,,,0
T0917,2024-01-21 12:37:44,amit@okkotak,yash@oksbi,48255.75,Misc,False,,,0
T0918,2024-10-05 10:20:25,amit@okkotak,vijay@okicici,46567.36,Misc,False,5.0,New payee with high value,1
T0919,2024-07-25 04:05:14,rahul@okkotak,kiran@okkotak,39164.28,Payment,True,,,0
T0920,2024-07-05 18:44:39,sana@okupi,ramesh@oksbi,38437.9,Recharge,True,,,0
T0921,2024-08-09 18:44:15,neha@okkotak,rohan@okicici,20662.45,Misc,True,4.0,Suspicious amount,1
T0922,2024-11-15 12:04:57,rohan@okyesbank,ramesh@okyesbank,21042.44,Payment,True,,,0
T0923,2024-04-22 16:11:23,meena@okupi,dev@okhdfc,39114.29,Transfer,True,,,0
T0924,2024-04-01 20:26:02,vijay@oksbi,dev@okhdfc,26361.15,Cashback,True,,,0
T0925,2024-08-19 22:24:59,rohan@okaxis,farhan@okhdfc,22576.68,Loan repayment,False,,,0
T0926,2024-09-07 13:06:59,deepak@okkotak,deepak@okupi,32872.9,Misc,True,5.0,Abnormal frequency,1
T0927,2024-01-21 23:40:15,farhan@okicici,yash@okhdfc,14990.06,Shopping,True,,,0
T0928,2024-10-18 19:26:32,mohan@okkotak,meena@oksbi,45815.85,Shopping,True,,,0
T0929,2024-06-17 10:12:41,farhan@okupi,meena@okupi,19008.07,Payment,True,,,0
T0930,2024-03-23 07:13:04,kiran@okupi,sana@okaxis,13433.23,Food order,False,,,0
T0931,2024-06-08 05:45:56,vijay@oksbi,amit@okyesbank,31875.01,Food order,True,,,0
T0932,2024-08-16 06:28:03,arun@okicici,vijay@okkotak,38866.77,Food order,False,5.0,Suspicious amount,1
T0933,2024-06-15 21:24:10,jatin@okupi,mohan@okkotak,42641.32,Shopping,False,,,0
T0934,2024-11-29 04:52:32,rohan@okhdfc,sana@oksbi,28079.61,Loan repayment,True,,,0
T0935,2024-03-07 23:17:02,sana@okaxis,yash@okkotak,23785.25,Food order,False,,,0
T0936,2024-11-19 19:10:22,amit@okicici,mohan@okhdfc,34241.94,Food order,True,,,0
T0937,2024-12-03 11:29:55,ramesh@oksbi,arun@okicici,22796.95,Payment,True,,,0
T0938,2024-09-10 00:02:02,vijay@oksbi,mohan@oksbi,19126.49,Bill payment,True,,,0
T0939,2024-05-11 00:01:53,karan@okaxis,arun@okyesbank,38049.14,Food order,False,3.0,Abnormal frequency,1
T0940,2024-02-17 21:17:05,farhan@okyesbank,rahul@okkotak,39061.73,Loan repayment,True,,,0
T0941,2024-11-25 16:36:18,arun@okaxis,riya@okkotak,24704.18,Transfer,True,3.0,Device anomaly,1
T0942,2024-12-17 17:48:10,neha@okyesbank,neha@okkotak,29069.11,Bill payment,True,,,0
T0943,2024-11-14 00:17:55,ramesh@okaxis,sita@okaxis,10926.89,Food order,False,,,0
T0944,2024-05-28 21:07:14,meena@okkotak,amit@okaxis,29463.22,Payment,True,,,0
T0945,2024-12-21 04:44:16,ramesh@okyesbank,amit@okicici,15392.92,Food order,False,,,0
T0946,2024-05-19 00:04:14,neha@okkotak,rahul@okupi,31037.01,Misc,True,,,0
T0947,2024-02-14 14:52:57,deepak@okupi,rohan@okyesbank,10989.88,Misc,False,5.0,New payee with high value,1
T0948,2024-05-18 18:38:25,arun@okicici,mohan@okyesbank,12280.78,Payment,False,,,0
T0949,2024-01-08 13:36:14,tina@okupi,kiran@okkotak,18968.4,Food order,False,2.0,Pattern matched fraud,1
T0950,2024-08-06 01:01:25,jatin@okaxis,rohan@okyesbank,26340.72,Shopping,False,1.0,Suspicious amount,1
T0951,2024-05-10 13:06:52,arun@okhdfc,deepak@okupi,28385.76,Cashback,False,3.0,Device anomaly,1
T0952,2024-11-23 05:36:02,arun@okaxis,farhan@okupi,25630.89,Shopping,True,,,0
T0953,2024-08-17 11:19:09,farhan@okhdfc,tina@okicici,26706.37,Shopping,False,,,0
T0954,2024-06-26 17:56:58,vijay@okyesbank,karan@okyesbank,14395.95,Recharge,True,,,0
T0955,2024-07-31 15:18:10,dev@okupi,karan@okaxis,39984.77,Cashback,True,,,0
T0956,2024-11-29 17:53:49,rahul@okyesbank,jatin@okyesbank,23591.92,Shopping,False,,,0
T0957,2024-09-30 15:39:34,yash@okkotak,jatin@okyesbank,20085.97,Bill payment,False,,,0
T0958,2024-02-16 21:03:54,karan@okaxis,farhan@okyesbank,2739.24,Cashback,True,,,0
T0959,2024-05-29 14:19:36,rahul@okhdfc,rohan@okupi,33982.41,Shopping,True,,,0
T0960,2024-11-06 02:20:30,vijay@okupi,karan@okupi,39624.09,Payment,False,,,0
T0961,2024-06-02 15:38:04,karan@okyesbank,mohan@okaxis,3223.64,Transfer,False,,,0
T0962,2024-12-03 18:57:09,meena@okicici,tina@okupi,37789.95,Shopping,True,,,0
T0963,2024-06-23 08:29:06,kiran@okkotak,farhan@okhdfc,22799.46,Transfer,False,4.0,Unusual time,1
T0964,2024-09-25 10:01:26,ramesh@oksbi,jatin@okyesbank,33937.99,Food order,False,,,0
T0965,2024-08-27 04:51:52,amit@oksbi,arun@okyesbank,9241.9,Misc,False,,,0
T0966,2024-01-08 08:15:13,meena@okyesbank,riya@okupi,20631.64,Transfer,True,5.0,Pattern matched fraud,1
T0967,2024-10-07 02:10:08,amit@okyesbank,farhan@oksbi,49230.21,Misc,True,,,0
T0968,2024-02-22 08:54:07,rahul@oksbi,arun@okkotak,24629.45,Groceries,False,,,0
T0969,2024-01-31 18:25:49,sana@okkotak,yash@okkotak,48318.82,Bill payment,False,,,0
T0970,2024-01-20 05:22:53,amit@oksbi,amit@okyesbank,42262.45,Misc,True,3.0,Unusual time,1
T0971,2024-08-28 23:03:03,yash@oksbi,tina@oksbi,17691.18,Misc,False,5.0,Device anomaly,1
T0972,2024-10-15 12:08:22,kiran@okaxis,jatin@okkotak,34461.48,Shopping,True,2.0,Abnormal frequency,1
T0973,2024-02-25 20:55:47,ramesh@okicici,riya@oksbi,12193.8,Payment,True,,,0
T0974,2024-08-14 03:45:54,karan@okhdfc,dev@okicici,8858.65,Misc,True,,,0
T0975,2024-03-10 09:54:49,mohan@oksbi,amit@okicici,45726.4,Bill payment,False,,,0
T0976,2024-08-06 01:03:17,jatin@okyesbank,riya@okupi,30754.58,Misc,True,2.0,Suspicious amount,1
T0977,2024-12-03 23:58:59,deepak@okaxis,tina@okicici,9605.23,Loan repayment,True,,,0
T0978,2024-11-08 10:42:54,meena@okyesbank,sana@okicici,44814.23,Groceries,False,3.0,Abnormal frequency,1
T0979,2024-01-21 13:41:53,meena@okhdfc,deepak@okupi,43199.33,Groceries,True,,,0
T0980,2024-11-20 03:27:07,dev@okyesbank,riya@okyesbank,7229.26,Recharge,False,5.0,Pattern matched fraud,1
T0981,2024-06-18 20:39:10,sita@okupi,neha@okupi,8066.05,Cashback,True,,,0
T0982,2024-07-07 03:32:08,meena@okyesbank,karan@okupi,43081.23,Shopping,True,,,0
T0983,2024-05-25 20:18:19,rahul@okicici,mohan@okicici,6356.78,Payment,True,,,0
T0984,2024-10-01 09:52:34,ramesh@okupi,tina@okyesbank,24646.65,Shopping,True,,,0
T0985,2024-02-28 09:38:31,arun@okupi,tina@okhdfc,31405.16,Payment,False,,,0
T0986,2024-05-31 08:18:30,karan@oksbi,rohan@okkotak,9822.39,Recharge,True,,,0
T0987,2024-04-12 18:59:52,dev@okyesbank,riya@okicici,43209.41,Misc,True,,,0
T0988,2024-08-26 01:51:22,amit@okyesbank,ramesh@okhdfc,33902.87,Payment,True,3.0,Pattern matched fraud,1
T0989,2024-12-25 15:50:51,rahul@okaxis,rohan@okaxis,17447.58,Groceries,True,,,0
T0990,2024-07-14 16:13:18,dev@okkotak,farhan@oksbi,25238.71,Food order,False,3.0,New payee with high value,1
T0991,2024-11-16 06:55:34,jatin@oksbi,sana@oksbi,23238.51,Recharge,True,,,0
T0992,2024-08-22 02:27:00,rohan@okyesbank,jatin@okicici,10384.54,Bill payment,True,,,0
T0993,2024-09-30 12:09:38,karan@okicici,neha@okhdfc,41840.91,Cashback,True,,,0
T0994,2024-01-12 01:08:37,rahul@oksbi,ramesh@okaxis,14896.85,Recharge,False,,,0
T0995,2024-05-20 03:24:00,ramesh@okkotak,dev@okaxis,42777.6,Recharge,False,2.0,Device anomaly,1
T0996,2024-09-25 00:23:33,mohan@okyesbank,jatin@okupi,42818.63,Groceries,True,,,0
T0997,2024-03-22 20:56:23,jatin@okaxis,dev@okupi,24264.84,Loan repayment,True,4.0,New payee with high value,1
T0998,2024-02-07 05:55:20,ramesh@okaxis,yash@okupi,46809.94,Recharge,False,,,0
T0999,2024-01-20 05:23:10,deepak@okupi,jatin@okhdfc,27702.82,Bill payment,True,,,0
T1000,2024-12-07 20:58:38,deepak@okhdfc,rohan@okupi,41881.23,Transfer,True,,,0
